post_id,text,post_text,shared_text,time,image,video,video_thumbnail,video_id,likes,comments,shares,post_url,link,user_id,images
3697860836892995,"Our Women‚Äôs Care Centre, Sexual Assault Care Centre and Workplace Harassment and Discrimination Advisory will provide limited service in Nov-Dec 2020. Our Helplines will have reduced hours of operation. Many of our services - including the online chat/call-back service, legal clinic, SACC WhatsApp and walk-in services - will be closed.

Full services will resume from 4 January 2021. Please refer to the link for more details.

AWARE.ORG.SG
Limited service for AWARE‚Äôs CARE and WHDA services: Nov-Dec 2020","Our Women‚Äôs Care Centre, Sexual Assault Care Centre and Workplace Harassment and Discrimination Advisory will provide limited service in Nov-Dec 2020. Our Helplines will have reduced hours of operation. Many of our services - including the online chat/call-back service, legal clinic, SACC WhatsApp and walk-in services - will be closed.

Full services will resume from 4 January 2021. Please refer to the link for more details.","AWARE.ORG.SG
Limited service for AWARE‚Äôs CARE and WHDA services: Nov-Dec 2020",2020-11-02 05:30:17,,,,,3,4,0,https://facebook.com/story.php?story_fbid=3697860836892995&id=113557648656683,https://www.aware.org.sg/2020/10/limited-service-for-aware-care-and-whda-services-nov-dec-2020/,113557648656683,[]
3804312379581173,"We're #hiring! Seeking an interim Head of Department (maternity cover) for AWARE‚Äôs CARE Services, including the Sexual Assault Care Centre and Women‚Äôs Care Centre.

Apply now.

AWARE.ORG.SG
We are hiring! Head of CARE Department (Interim)","We're #hiring! Seeking an interim Head of Department (maternity cover) for AWARE‚Äôs CARE Services, including the Sexual Assault Care Centre and Women‚Äôs Care Centre.

Apply now.","AWARE.ORG.SG
We are hiring! Head of CARE Department (Interim)",2020-12-10 09:10:51,,,,,2,0,2,https://facebook.com/story.php?story_fbid=3804312379581173&id=113557648656683,https://www.aware.org.sg/2020/12/we-are-hiring-head-of-care-department/,113557648656683,[]
3802285356450542,"‚ú®SAGA IS OUT NOW!‚ú®

Listen to Episodes 1 and 2 on:

Spotify: https://spoti.fi/3qQwEpA
Google Podcasts: https://bit.ly/37Mh2dT
Apple Podcasts: https://apple.co/3n4029i
Our website: aware.org.sg/saga

--------

A MESSAGE FROM THE CREATORS OF SAGA

The celebration of AWARE‚Äôs 35th birthday in 2020 called for a reflection on its transformation from modest volunteer group to flourishing NGO and civil society leader in Singapore. In pinpointing the moment that marked the close of the former and the beginning of the latter, there was never any doubt: It was the AWARE Saga. That existential threat (of AWARE being taken over by a group of religious conservatives) pushed its leaders to renew their commitment to feminist advocacy, and strengthen the organisation‚Äôs capacity and infrastructure.

We wanted to document the complete history of the Saga for a few reasons. For one, because the lived experience of it was so much richer than what most people saw in the news. And it is important for AWARE to contextualise its ongoing fight for gender equality, to remind itself why the fight matters.

But beyond AWARE, the story of the Saga is important for Singapore‚Äîwhose citizens pledge tolerance, diversity and democracy in the abstract, but rarely get a chance to test those principles on a national stage. This narrative deals with subject matter that is traditionally considered sensitive in the Singapore context, such as religion and LGBTQ rights. We know that these topics will likely elicit strong feelings in listeners, and have endeavoured to deal with them honestly and with the sensitivity that they deserve. We also believe that our society is sufficiently mature to engage in respectful conversations on these subjects. There are profound lessons to be learnt from the AWARE Saga, about how to disagree constructively and bridge entrenched divides. We hope that new generations carry these lessons forward in the perennial quest to live together in harmony and dignity.

Over the course of this project, we interviewed 50 people. Some of them were experts who provided nuanced, dispassionate insights on the broader socio-political context underlying the events. But most of them were people who had directly participated in the Saga. Living through the Saga was as traumatic as it was invigorating‚Äîthese interviewees made that clear to us. But while others would have chosen to sweep their trauma under a rug, they recognised the value in putting their experiences on the record. With Bharati Jagdish at the mic, asking unsparingly tough questions, interviewees revisited their triumphs and their mistakes. They relived extremes of emotion: blinding fury, soaring relief, the bitterness of betrayal. We thank them for their honesty and trust.

There are, of course, perspectives that are missing from the assembly of voices‚Äîpeople who declined our invitations to participate. While we regret that we could not interview them, wherever possible we have tried to feature their own words: recordings of meetings, interviews, press conferences, letters, emails and so on. We hope that, in doing so, we have made reasonable effort to present their point of view accurately.

To end: What a privilege it has been to memorialise this remarkable event‚Äîand in a medium as intimate and alive as a podcast. May the Saga inspire you as much as it inspires us.
#WhereWereYou?","‚ú®SAGA IS OUT NOW!‚ú®

Listen to Episodes 1 and 2 on:

Spotify: https://spoti.fi/3qQwEpA
Google Podcasts: https://bit.ly/37Mh2dT
Apple Podcasts: https://apple.co/3n4029i
Our website: aware.org.sg/saga

--------

A MESSAGE FROM THE CREATORS OF SAGA

The celebration of AWARE‚Äôs 35th birthday in 2020 called for a reflection on its transformation from modest volunteer group to flourishing NGO and civil society leader in Singapore. In pinpointing the moment that marked the close of the former and the beginning of the latter, there was never any doubt: It was the AWARE Saga. That existential threat (of AWARE being taken over by a group of religious conservatives) pushed its leaders to renew their commitment to feminist advocacy, and strengthen the organisation‚Äôs capacity and infrastructure.

We wanted to document the complete history of the Saga for a few reasons. For one, because the lived experience of it was so much richer than what most people saw in the news. And it is important for AWARE to contextualise its ongoing fight for gender equality, to remind itself why the fight matters.

But beyond AWARE, the story of the Saga is important for Singapore‚Äîwhose citizens pledge tolerance, diversity and democracy in the abstract, but rarely get a chance to test those principles on a national stage. This narrative deals with subject matter that is traditionally considered sensitive in the Singapore context, such as religion and LGBTQ rights. We know that these topics will likely elicit strong feelings in listeners, and have endeavoured to deal with them honestly and with the sensitivity that they deserve. We also believe that our society is sufficiently mature to engage in respectful conversations on these subjects. There are profound lessons to be learnt from the AWARE Saga, about how to disagree constructively and bridge entrenched divides. We hope that new generations carry these lessons forward in the perennial quest to live together in harmony and dignity.

Over the course of this project, we interviewed 50 people. Some of them were experts who provided nuanced, dispassionate insights on the broader socio-political context underlying the events. But most of them were people who had directly participated in the Saga. Living through the Saga was as traumatic as it was invigorating‚Äîthese interviewees made that clear to us. But while others would have chosen to sweep their trauma under a rug, they recognised the value in putting their experiences on the record. With Bharati Jagdish at the mic, asking unsparingly tough questions, interviewees revisited their triumphs and their mistakes. They relived extremes of emotion: blinding fury, soaring relief, the bitterness of betrayal. We thank them for their honesty and trust.

There are, of course, perspectives that are missing from the assembly of voices‚Äîpeople who declined our invitations to participate. While we regret that we could not interview them, wherever possible we have tried to feature their own words: recordings of meetings, interviews, press conferences, letters, emails and so on. We hope that, in doing so, we have made reasonable effort to present their point of view accurately.

To end: What a privilege it has been to memorialise this remarkable event‚Äîand in a medium as intimate and alive as a podcast. May the Saga inspire you as much as it inspires us.
#WhereWereYou?",,2020-12-09 13:47:45,https://scontent.fadd1-1.fna.fbcdn.net/v/t1.0-9/fr/cp0/e15/q65/129919231_3802277129784698_28948271731799118_o.jpg?_nc_cat=102&ccb=2&_nc_sid=8024bb&_nc_ohc=5qPPdS4vSXYAX9X6PVv&_nc_ht=scontent.fadd1-1.fna&tp=14&oh=d6a0db2c1be2127e717c0fad8591cb6c&oe=5FF76ED0,,,,37,0,0,https://facebook.com/story.php?story_fbid=3802285356450542&id=113557648656683,https://spoti.fi/3qQwEpA,113557648656683,['https://scontent.fadd1-1.fna.fbcdn.net/v/t1.0-9/fr/cp0/e15/q65/129919231_3802277129784698_28948271731799118_o.jpg?_nc_cat=102&ccb=2&_nc_sid=8024bb&_nc_ohc=5qPPdS4vSXYAX9X6PVv&_nc_ht=scontent.fadd1-1.fna&tp=14&oh=d6a0db2c1be2127e717c0fad8591cb6c&oe=5FF76ED0']
3799346313411113,"The tragic experience of this domestic worker who suffered a mental breakdown while caring for two elderly persons highlights the toll that eldercare can take on migrant domestic workers (MDWs). Due to their exclusion from the Employment Act, MDWs' working hours are not regulated. The live-in nature of their job blurs the boundary between work and rest‚Äîthis MDW recounted that her employer expected her to share a bed with her male care recipient, and provide round-the-clock care.

AWARE urges policymakers to strengthen legislative protection of MDWs so that they can receive sufficient rest and mitigate mental and physical exhaustion. We also recommend improving informational and emotional support for MDWs, to help them cope with their jobs long before they reach their breaking points.
#MakeCareCount

ONLINECITIZENASIA.COM
25-year-old Myanmar domestic worker experiences mental breakdown after nearly one year of caring for two elderly people by herself - The Online Citizen","The tragic experience of this domestic worker who suffered a mental breakdown while caring for two elderly persons highlights the toll that eldercare can take on migrant domestic workers (MDWs). Due to their exclusion from the Employment Act, MDWs' working hours are not regulated. The live-in nature of their job blurs the boundary between work and rest‚Äîthis MDW recounted that her employer expected her to share a bed with her male care recipient, and provide round-the-clock care.

AWARE urges policymakers to strengthen legislative protection of MDWs so that they can receive sufficient rest and mitigate mental and physical exhaustion. We also recommend improving informational and emotional support for MDWs, to help them cope with their jobs long before they reach their breaking points.
#MakeCareCount","ONLINECITIZENASIA.COM
25-year-old Myanmar domestic worker experiences mental breakdown after nearly one year of caring for two elderly people by herself - The Online Citizen",2020-12-08 10:00:02,,,,,18,3,6,https://facebook.com/story.php?story_fbid=3799346313411113&id=113557648656683,https://www.onlinecitizenasia.com/2020/12/07/25-year-old-myanmar-domestic-worker-experiences-mental-breakdown-after-nearly-one-year-of-caring-for-two-elderly-people-by-herself/,113557648656683,[]
3799064030106008,"""With discrimination evidently a growing issue in the Singapore workforce, the present non-legislative approach clearly does not suffice,"" writes AWARE's Mamta Melwani in this letter. She recommends a Workplace Equality Act, which would deter discrimination, ensure legal remedy for workers and hold employers legally accountable.

TODAYONLINE.COM
Workplace discrimination: Laws needed to hold errant employers to account","""With discrimination evidently a growing issue in the Singapore workforce, the present non-legislative approach clearly does not suffice,"" writes AWARE's Mamta Melwani in this letter. She recommends a Workplace Equality Act, which would deter discrimination, ensure legal remedy for workers and hold employers legally accountable.","TODAYONLINE.COM
Workplace discrimination: Laws needed to hold errant employers to account",2020-12-08 07:06:06,,,,,19,3,3,https://facebook.com/story.php?story_fbid=3799064030106008&id=113557648656683,https://www.todayonline.com/voices/workplace-discrimination-laws-needed-hold-errant-employers-account,113557648656683,[]
3798951180117293,"What issues do YOU think should be addressed in Singapore's upcoming gender equality review? Where do you stand on issues like the gender pay gap, NS and sexual consent?

Take this quick survey from AWARE and OPPI! Your responses will inform AWARE‚Äôs focus as we prepare for a series of community conversations on key gender issues.

AWARE.ORG.SG
AWARE x OPPI Survey: Share your views on women's rights and gender equality in Singapore","What issues do YOU think should be addressed in Singapore's upcoming gender equality review? Where do you stand on issues like the gender pay gap, NS and sexual consent?

Take this quick survey from AWARE and OPPI! Your responses will inform AWARE‚Äôs focus as we prepare for a series of community conversations on key gender issues.","AWARE.ORG.SG
AWARE x OPPI Survey: Share your views on women's rights and gender equality in Singapore",2020-12-08 05:59:40,,,,,16,0,8,https://facebook.com/story.php?story_fbid=3798951180117293&id=113557648656683,https://www.aware.org.sg/2020/12/aware-x-oppi-survey-gender-equality-in-singapore/,113557648656683,[]
3796648697014208,"Saga is a limited-series podcast about the 2009 AWARE Saga. It is hosted by acclaimed former journalist Bharati Jagdish.

Start listening from 9 December 2020 on
Spotify: https://spoti.fi/3lOMH3r
Apple Podcasts: https://apple.co/2K0qemU
Google Podcasts: https://bit.ly/37Ksw1q

Saga will:
‚Ä¢ Tell the never-before-heard stories of key players in this gripping national event
‚Ä¢ Examine impacts of the AWARE Saga, which have rippled outwards for the past decade
‚Ä¢ Ask all-important questions about democracy, fairness and bridging societal divides

#WhereWereYou?

https://aware.org.sg/saga","Saga is a limited-series podcast about the 2009 AWARE Saga. It is hosted by acclaimed former journalist Bharati Jagdish.

Start listening from 9 December 2020 on
Spotify: https://spoti.fi/3lOMH3r
Apple Podcasts: https://apple.co/2K0qemU
Google Podcasts: https://bit.ly/37Ksw1q

Saga will:
‚Ä¢ Tell the never-before-heard stories of key players in this gripping national event
‚Ä¢ Examine impacts of the AWARE Saga, which have rippled outwards for the past decade
‚Ä¢ Ask all-important questions about democracy, fairness and bridging societal divides

#WhereWereYou?

https://aware.org.sg/saga",,2020-12-07 08:12:39,,https://video.fadd1-1.fna.fbcdn.net/v/t42.9040-2/129117140_867495813997698_5911632348820211641_n.mp4?_nc_cat=109&ccb=2&_nc_sid=985c63&efg=eyJ2ZW5jb2RlX3RhZyI6ImxlZ2FjeV9zZCJ9&_nc_ohc=aPB5IeTFV6kAX_h-ENR&_nc_ht=video.fadd1-1.fna&oh=7e5eef0ea31df94ff91f35135cc4da3c&oe=5FD1F293,https://scontent.fadd1-1.fna.fbcdn.net/v/t15.5256-10/cp0/e15/q65/s320x320/126904484_1026036081204635_4684858188419428827_n.jpg?_nc_cat=111&ccb=2&_nc_sid=ccf8b3&_nc_ohc=VDuB_7Lnu3EAX9Z1ThC&_nc_ht=scontent.fadd1-1.fna&oh=8220676ef8d56e06dd249f237eb678ce&oe=5FF903A2,1026030581205185,22,3,0,https://facebook.com/watch?v=1026030581205185,https://spoti.fi/3lOMH3r,113557648656683,[]
3785749858104092,"‚ÄúFor the sake of a perpetrator‚Äôs momentary pleasure or spite, a survivor may live with anxiety for the rest of her life, knowing that her images are being disseminated online to countless strangers.‚Äù

In 2019, AWARE's Sexual Assault Care Centre received 140 technology-facilitated sexual violence cases, out of a total of 777 cases (18%). This is the highest number of TFSV cases we've recorded in one year to date, and more than triple the number of such cases received in 2016 (47). It speaks to a upward trend in this type of sexual violence in Singapore.

Learn more at the link.

AWARE.ORG.SG
AWARE‚Äôs Sexual Assault Care Centre saw 140 cases of technology-facilitated sexual violence in 2019, the most ever in one year","‚ÄúFor the sake of a perpetrator‚Äôs momentary pleasure or spite, a survivor may live with anxiety for the rest of her life, knowing that her images are being disseminated online to countless strangers.‚Äù

In 2019, AWARE's Sexual Assault Care Centre received 140 technology-facilitated sexual violence cases, out of a total of 777 cases (18%). This is the highest number of TFSV cases we've recorded in one year to date, and more than triple the number of such cases received in 2016 (47). It speaks to a upward trend in this type of sexual violence in Singapore.

Learn more at the link.","AWARE.ORG.SG
AWARE‚Äôs Sexual Assault Care Centre saw 140 cases of technology-facilitated sexual violence in 2019, the most ever in one year",2020-12-03 09:16:58,,,,,17,2,3,https://facebook.com/story.php?story_fbid=3785749858104092&id=113557648656683,https://www.aware.org.sg/2020/12/awares-sexual-assault-care-centre-saw-140-cases-of-technology-facilitated-sexual-violence-in-2019-the-most-ever-in-one-year/,113557648656683,[]
3785658051446606,"We agree with this commentary: Family caregivers of older Singaporeans need help easing their burden of care.

However, the writer fails to identify a major source of stress‚Äì‚Äìfinancial stress‚Äì‚Äìor offer recommendations on how caregivers can be financially supported to provide care. Our 2019 #MakeCareCount study found that providing care to older persons is likely to compromise the retirement adequacy of caregivers. The surveyed caregivers were forced to completely or partially withdraw from the labour force (spending a median of nine years outside the labour force), and suffer an accompanying loss in income, which they later struggled to recoup. Many caregivers we spoke to said that their stress would be mitigated through an allowance that recognises the work they are doing, i.e. care work.

Accordingly, we‚Äôve recommended the introduction of a Caregiver Support Grant, which varies by the number of activities of daily living with which the care recipient requires assistance, and takes the salaries of paid care workers as a reference point.

What‚Äôs more, the commentary‚Äôs suggested ‚Äúone holistic care model‚Äù for caregivers and care recipients leaves out migrant domestic workers. No discussion on caregiving is complete without considering both unpaid family caregivers AND domestic workers employed to provide care. MDWs, much like family caregivers, also face a caregiver burden. We need to be concerned about their well-being too, because their ability to deal with caregiver-related stress affects their ability to provide high-quality care to our loved ones.

TODAYONLINE.COM
How to care for caregivers of senior Singaporeans","We agree with this commentary: Family caregivers of older Singaporeans need help easing their burden of care.

However, the writer fails to identify a major source of stress‚Äì‚Äìfinancial stress‚Äì‚Äìor offer recommendations on how caregivers can be financially supported to provide care. Our 2019 #MakeCareCount study found that providing care to older persons is likely to compromise the retirement adequacy of caregivers. The surveyed caregivers were forced to completely or partially withdraw from the labour force (spending a median of nine years outside the labour force), and suffer an accompanying loss in income, which they later struggled to recoup. Many caregivers we spoke to said that their stress would be mitigated through an allowance that recognises the work they are doing, i.e. care work.

Accordingly, we‚Äôve recommended the introduction of a Caregiver Support Grant, which varies by the number of activities of daily living with which the care recipient requires assistance, and takes the salaries of paid care workers as a reference point.

What‚Äôs more, the commentary‚Äôs suggested ‚Äúone holistic care model‚Äù for caregivers and care recipients leaves out migrant domestic workers. No discussion on caregiving is complete without considering both unpaid family caregivers AND domestic workers employed to provide care. MDWs, much like family caregivers, also face a caregiver burden. We need to be concerned about their well-being too, because their ability to deal with caregiver-related stress affects their ability to provide high-quality care to our loved ones.","TODAYONLINE.COM
How to care for caregivers of senior Singaporeans",2020-12-03 08:26:16,,,,,28,0,2,https://facebook.com/story.php?story_fbid=3785658051446606&id=113557648656683,https://www.todayonline.com/commentary/how-care-caregivers-senior-singaporeans,113557648656683,[]
3782638465081898,"Statement about Theodore Hopf sexual harassment case at NUS

We are happy to see NUS respond with alacrity to an anonymous complaint they received about sexual harassment. Although the university has come under a lot of flak recently for its handling of sexual harassment cases, its decisive action in the case of Prof. Ted Hopf is a clear indication that NUS is taking public feedback to heart.

We want to highlight three actions that hopefully signal a new approach at NUS:

1) NUS ensured that its decision to sack Prof. Hopf was communicated to students and the wider NUS community at the same time as the media. In the previous case regarding Jeremy Fernando, communications to the NUS community were not handled as well.

2) NUS made a police report after speaking to the survivor, and explained in its press statement that it was legally obliged to, under Section 424 of the Criminal Procedure Code.

3) NUS put interim measures into place while the investigations were being conducted‚ÄîProf. Hopf was not allowed to contact any students during that period.

We are glad that the university prioritised student safety in this case and did not make any compromises in order to keep Ted Hopf in its employ. While it may be concerning that so many campus sexual harassment cases have emerged of late, we are also glad, at least, that survivors are proving more willing to come forward. It can be difficult and intimidating to file sexual harassment complaints against well-known, well-regarded men, such as Prof. Hopf (who was the top political scientist at NUS). We commend the bravery of those involved.","Statement about Theodore Hopf sexual harassment case at NUS

We are happy to see NUS respond with alacrity to an anonymous complaint they received about sexual harassment. Although the university has come under a lot of flak recently for its handling of sexual harassment cases, its decisive action in the case of Prof. Ted Hopf is a clear indication that NUS is taking public feedback to heart.

We want to highlight three actions that hopefully signal a new approach at NUS:

1) NUS ensured that its decision to sack Prof. Hopf was communicated to students and the wider NUS community at the same time as the media. In the previous case regarding Jeremy Fernando, communications to the NUS community were not handled as well.

2) NUS made a police report after speaking to the survivor, and explained in its press statement that it was legally obliged to, under Section 424 of the Criminal Procedure Code.

3) NUS put interim measures into place while the investigations were being conducted‚ÄîProf. Hopf was not allowed to contact any students during that period.

We are glad that the university prioritised student safety in this case and did not make any compromises in order to keep Ted Hopf in its employ. While it may be concerning that so many campus sexual harassment cases have emerged of late, we are also glad, at least, that survivors are proving more willing to come forward. It can be difficult and intimidating to file sexual harassment complaints against well-known, well-regarded men, such as Prof. Hopf (who was the top political scientist at NUS). We commend the bravery of those involved.",,2020-12-02 05:49:04,,,,,235,3,0,https://facebook.com/story.php?story_fbid=3782638465081898&id=113557648656683,,113557648656683,[]
3780078352004576,"AWARE Singapore added 23 new photos.
December 1 at 1:11 PM ¬∑

In celebration of our 35th birthday, we held a virtual fundraising gala, the AWAREHouse Party, on the evening of Saturday, 28 November!

This year we eschewed a hotel ballroom venue and arranged simultaneous parties at supporters‚Äô houses across the island, united by a three-hour live-streamed programme and a multi-course feast catered by Grand Hyatt Singapore. Three hundred guests attended these intimate affairs, dressing up in colourful outfits for the theme of ‚ÄúOutRAGEous‚Äù. Check out some of their looks here!",,"AWARE Singapore added 23 new photos.
December 1 at 1:11 PM ¬∑

In celebration of our 35th birthday, we held a virtual fundraising gala, the AWAREHouse Party, on the evening of Saturday, 28 November!

This year we eschewed a hotel ballroom venue and arranged simultaneous parties at supporters‚Äô houses across the island, united by a three-hour live-streamed programme and a multi-course feast catered by Grand Hyatt Singapore. Three hundred guests attended these intimate affairs, dressing up in colourful outfits for the theme of ‚ÄúOutRAGEous‚Äù. Check out some of their looks here!",2020-12-01 08:11:25,https://scontent.fadd1-1.fna.fbcdn.net/v/t1.0-9/fr/cp0/e15/q65/128067913_3780067678672310_555863276703388680_o.jpg?_nc_cat=109&ccb=2&_nc_sid=0be424&_nc_ohc=tbptAhuLT3kAX_CMhf8&_nc_ht=scontent.fadd1-1.fna&tp=14&oh=eefd637172093e52e48a2a1273e6ea34&oe=5FF909CC,,,,13,0,0,https://facebook.com/story.php?story_fbid=3780078352004576&id=113557648656683,,113557648656683,"['https://scontent.fadd1-1.fna.fbcdn.net/v/t1.0-9/fr/cp0/e15/q65/128067913_3780067678672310_555863276703388680_o.jpg?_nc_cat=109&ccb=2&_nc_sid=0be424&_nc_ohc=tbptAhuLT3kAX_CMhf8&_nc_ht=scontent.fadd1-1.fna&tp=14&oh=eefd637172093e52e48a2a1273e6ea34&oe=5FF909CC', 'https://scontent.fadd1-1.fna.fbcdn.net/v/t1.0-9/fr/cp0/e15/q65/128742355_3780067872005624_8263346794083332535_o.jpg?_nc_cat=108&ccb=2&_nc_sid=0be424&_nc_ohc=3y3p361wd7kAX_4P6b_&_nc_ht=scontent.fadd1-1.fna&tp=14&oh=8000fa80475dd70705b56720072f7959&oe=5FF63E72', 'https://scontent.fadd1-1.fna.fbcdn.net/v/t1.0-9/fr/cp0/e15/q65/127775941_3780067578672320_851909858079808279_o.jpg?_nc_cat=102&ccb=2&_nc_sid=0be424&_nc_ohc=BDAfvXmJeLIAX9ZQ-NL&_nc_ht=scontent.fadd1-1.fna&tp=14&oh=c175d05060fe3ee115bdb9af9b1003e7&oe=5FF606A3', 'https://scontent.fadd1-1.fna.fbcdn.net/v/t1.0-9/fr/cp0/e15/q65/128308344_3780067468672331_6180133561648618155_o.jpg?_nc_cat=110&ccb=2&_nc_sid=0be424&_nc_ohc=7sJsFRJHQtoAX_Be3es&_nc_ht=scontent.fadd1-1.fna&tp=14&oh=3f038a60878bb4a926e90e6c48e229b7&oe=5FF7B8ED']"
3777465582265853,,,,2020-11-30 09:37:25,,https://video.fadd1-1.fna.fbcdn.net/v/t42.9040-2/127262802_816621699125872_2727137603435247751_n.mp4?_nc_cat=104&ccb=2&_nc_sid=985c63&efg=eyJ2ZW5jb2RlX3RhZyI6ImxlZ2FjeV9zZCJ9&_nc_ohc=v9oiqGVNgT0AX9k7eY9&_nc_ht=video.fadd1-1.fna&oh=cc0e668cbd7ee0bcc1e68e3de54aac10&oe=5FD1FDE5,https://scontent.fadd1-1.fna.fbcdn.net/v/t15.5256-10/cp0/e15/q65/s320x320/125917596_384079339571402_6126752709127303891_n.jpg?_nc_cat=102&ccb=2&_nc_sid=ccf8b3&_nc_ohc=8Urxv2n66xIAX_x26Ss&_nc_ht=scontent.fadd1-1.fna&oh=3aebe98589cdd4781f0bafe7c17b904c&oe=5FF83759,384076699571666,19,1,0,https://facebook.com/watch?v=384076699571666,,113557648656683,[]
3777198432292568,"aware.org.sg/saga

Announcing SAGA: a limited-series podcast about the 2009 AWARE Saga. Start listening 9 December 2020.

March 2009: When 100 strangers arrive at a run-of-the-mill meeting for Singapore gender-equality group AWARE, long-time members sense that something is wrong. Who are the mysterious women wresting control of this respected volunteer organisation? And what disturbing secret unites them? What happens next becomes the stuff of national legend: starting with an astonishing coup and culminating in an extraordinary declaration of equality and justice.","aware.org.sg/saga

Announcing SAGA: a limited-series podcast about the 2009 AWARE Saga. Start listening 9 December 2020.

March 2009: When 100 strangers arrive at a run-of-the-mill meeting for Singapore gender-equality group AWARE, long-time members sense that something is wrong. Who are the mysterious women wresting control of this respected volunteer organisation? And what disturbing secret unites them? What happens next becomes the stuff of national legend: starting with an astonishing coup and culminating in an extraordinary declaration of equality and justice.",,2020-11-30 06:59:45,https://scontent.fadd1-1.fna.fbcdn.net/v/t1.0-9/fr/cp0/e15/q65/127276217_3777197415626003_4323587114935864650_o.jpg?_nc_cat=105&ccb=2&_nc_sid=dd9801&_nc_ohc=K5StAjb0uLgAX9eBAh_&_nc_oc=AQmlDwRCErdFcjZzdkQj9q6Y1IWl3bYIy1DWvnajGVjJlvUfsaviShDWwxerF-qNSx4&_nc_ht=scontent.fadd1-1.fna&tp=14&oh=e6a623607d2834f790004f35fba28984&oe=5FF5AC1C,,,,43,0,0,,http://aware.org.sg/saga,113557648656683,"['https://scontent.fadd1-1.fna.fbcdn.net/v/t1.0-9/fr/cp0/e15/q65/127276217_3777197415626003_4323587114935864650_o.jpg?_nc_cat=105&ccb=2&_nc_sid=dd9801&_nc_ohc=K5StAjb0uLgAX9eBAh_&_nc_oc=AQmlDwRCErdFcjZzdkQj9q6Y1IWl3bYIy1DWvnajGVjJlvUfsaviShDWwxerF-qNSx4&_nc_ht=scontent.fadd1-1.fna&tp=14&oh=e6a623607d2834f790004f35fba28984&oe=5FF5AC1C', 'https://scontent.fadd1-1.fna.fbcdn.net/v/t1.0-9/fr/cp0/e15/q65/127276217_3777197415626003_4323587114935864650_o.jpg?_nc_cat=105&ccb=2&_nc_sid=dd9801&_nc_ohc=K5StAjb0uLgAX9eBAh_&_nc_oc=AQmlDwRCErdFcjZzdkQj9q6Y1IWl3bYIy1DWvnajGVjJlvUfsaviShDWwxerF-qNSx4&_nc_ht=scontent.fadd1-1.fna&tp=14&oh=e6a623607d2834f790004f35fba28984&oe=5FF5AC1C', 'https://scontent.fadd1-1.fna.fbcdn.net/v/t1.0-9/fr/cp0/e15/q65/127276217_3777197415626003_4323587114935864650_o.jpg?_nc_cat=105&ccb=2&_nc_sid=dd9801&_nc_ohc=K5StAjb0uLgAX9eBAh_&_nc_oc=AQmlDwRCErdFcjZzdkQj9q6Y1IWl3bYIy1DWvnajGVjJlvUfsaviShDWwxerF-qNSx4&_nc_ht=scontent.fadd1-1.fna&tp=14&oh=e6a623607d2834f790004f35fba28984&oe=5FF5AC1C']"
3768581059820972,"""'They wanted me to stop with the accusations,' she recalls pensively. 'It didn‚Äôt matter what I had actually gone through‚Äîthey just wanted me to go away. It almost felt like I was the one who had done something wrong.'... [Yet] 'The minute I started speaking out about this in public, I cannot tell you the number of people‚Äîincluding my own friends‚Äîwho started telling me about their own experiences.'""

Ahead of her appearance on our #MeToo in Asia panel this Sunday, #AimForZeroSG spokesperson Dani appears in Vogue Singapore to share her story.

VOGUE.SG
#MeToo activist Dani Pereira on sexual violence in Singapore and the first edition of Awarefest","""'They wanted me to stop with the accusations,' she recalls pensively. 'It didn‚Äôt matter what I had actually gone through‚Äîthey just wanted me to go away. It almost felt like I was the one who had done something wrong.'... [Yet] 'The minute I started speaking out about this in public, I cannot tell you the number of people‚Äîincluding my own friends‚Äîwho started telling me about their own experiences.'""

Ahead of her appearance on our #MeToo in Asia panel this Sunday, #AimForZeroSG spokesperson Dani appears in Vogue Singapore to share her story.","VOGUE.SG
#MeToo activist Dani Pereira on sexual violence in Singapore and the first edition of Awarefest",2020-11-27 05:42:14,,,,,52,8,16,https://facebook.com/story.php?story_fbid=3768581059820972&id=113557648656683,https://vogue.sg/metoo-activist-dani-pereira-on-sexual-violence-in-singapore-and-the-first-edition-of-awarefest/,113557648656683,[]
419380856115275,"WED, DEC 9
SAGA: Podcast Premiere and Virtual Listening Party",,"WED, DEC 9
SAGA: Podcast Premiere and Virtual Listening Party",2020-11-26 09:21:09,,,,,16,2,0,,,113557648656683,[]
3766009276744817,"Announcing SAGA: a limited-series podcast about the 2009 AWARE Saga. Start listening 9 December 2020.

March 2009: When 100 strangers arrive at a run-of-the-mill meeting for Singapore gender-equality group AWARE, long-time members sense that something is wrong. Who are the mysterious women wresting control of this respected volunteer organisation? And what disturbing secret unites them? What happens next becomes the stuff of national legend: starting with an astonishing coup and culminating in an extraordinary declaration of equality and justice.

SAGA is hosted by acclaimed journalist Bharati Jagdish. With this podcast, we:

‚Ä¢ Tell the never-before-heard stories of key players in this gripping national event
‚Ä¢ Examine the impacts of the AWARE Saga, which have rippled outwards for the past decade
‚Ä¢ Ask all-important questions about democracy, fairness and bridging societal divides.

AWARE.ORG.SG
AWARE Saga Podcast","Announcing SAGA: a limited-series podcast about the 2009 AWARE Saga. Start listening 9 December 2020.

March 2009: When 100 strangers arrive at a run-of-the-mill meeting for Singapore gender-equality group AWARE, long-time members sense that something is wrong. Who are the mysterious women wresting control of this respected volunteer organisation? And what disturbing secret unites them? What happens next becomes the stuff of national legend: starting with an astonishing coup and culminating in an extraordinary declaration of equality and justice.

SAGA is hosted by acclaimed journalist Bharati Jagdish. With this podcast, we:

‚Ä¢ Tell the never-before-heard stories of key players in this gripping national event
‚Ä¢ Examine the impacts of the AWARE Saga, which have rippled outwards for the past decade
‚Ä¢ Ask all-important questions about democracy, fairness and bridging societal divides.","AWARE.ORG.SG
AWARE Saga Podcast",2020-11-26 08:18:46,,,,,48,1,19,https://facebook.com/story.php?story_fbid=3766009276744817&id=113557648656683,https://aware.org.sg/saga/,113557648656683,[]
3765679676777777,"Work at AWARE! We're looking for a Volunteer Manager to oversee the recruitment, management, engagement, training, evaluation and coordination of volunteers across AWARE.

This role is a two-year commitment in partnership with NCSS and is only open to Singapore citizens and Permanent Residents who are currently outside the social sector.

Apply now!

AWARE.ORG.SG
We are hiring! (Senior) Volunteer Manager","Work at AWARE! We're looking for a Volunteer Manager to oversee the recruitment, management, engagement, training, evaluation and coordination of volunteers across AWARE.

This role is a two-year commitment in partnership with NCSS and is only open to Singapore citizens and Permanent Residents who are currently outside the social sector.

Apply now!","AWARE.ORG.SG
We are hiring! (Senior) Volunteer Manager",2020-11-26 05:09:45,,,,,4,0,2,https://facebook.com/story.php?story_fbid=3765679676777777&id=113557648656683,https://www.aware.org.sg/2020/11/we-are-hiring-senior-volunteer-manager/,113557648656683,[]
3763630330316045,"Over the two years of our #AimForZeroSG campaign, we've asked people to pledge their commitment to ending sexual violence in Singapore. When they pledge, they have the option of writing a short message to sexual assault survivors. Here are a few messages.

Today is International Day for the Elimination of Violence Against Women. Thank you to everyone who has pledged, attended First Responder Training, or taken other steps to support the survivors in their lives.

(You can still pledge! https://aimforzero.sg/pledge)","Over the two years of our #AimForZeroSG campaign, we've asked people to pledge their commitment to ending sexual violence in Singapore. When they pledge, they have the option of writing a short message to sexual assault survivors. Here are a few messages.

Today is International Day for the Elimination of Violence Against Women. Thank you to everyone who has pledged, attended First Responder Training, or taken other steps to support the survivors in their lives.

(You can still pledge! https://aimforzero.sg/pledge)",,2020-11-25 11:53:19,https://scontent.fadd1-1.fna.fbcdn.net/v/t1.0-9/126616540_3763628436982901_1838303181377544751_o.png?_nc_cat=106&ccb=2&_nc_sid=8024bb&_nc_ohc=tEBFM2injCMAX9YloTG&_nc_ht=scontent.fadd1-1.fna&oh=6a99032d96748f5e2db848a7c32743a1&oe=5FF84B28,,,,18,1,0,https://facebook.com/story.php?story_fbid=3763630330316045&id=113557648656683,https://aimforzero.sg/pledge,113557648656683,"['https://scontent.fadd1-1.fna.fbcdn.net/v/t1.0-9/126616540_3763628436982901_1838303181377544751_o.png?_nc_cat=106&ccb=2&_nc_sid=8024bb&_nc_ohc=tEBFM2injCMAX9YloTG&_nc_ht=scontent.fadd1-1.fna&oh=6a99032d96748f5e2db848a7c32743a1&oe=5FF84B28', 'https://scontent.fadd1-1.fna.fbcdn.net/v/t1.0-9/126552148_3763628446982900_2195060945993052393_o.png?_nc_cat=101&ccb=2&_nc_sid=8024bb&_nc_ohc=95a2Vzeg0wIAX-kwH5O&_nc_ht=scontent.fadd1-1.fna&oh=822f526944bc178e6ab8701d68288f5f&oe=5FF65F95', 'https://scontent.fadd1-1.fna.fbcdn.net/v/t1.0-9/125797407_3763628453649566_6515057667676341086_o.png?_nc_cat=101&ccb=2&_nc_sid=8024bb&_nc_ohc=_KdkaS6UFXcAX-eA7_T&_nc_ht=scontent.fadd1-1.fna&oh=7db819078ab10722fa70d0dd7b76c10b&oe=5FF59F3C']"
3763045247041220,"üìà AWARE by the numbers! üìà

Dozens of research reports. Thousands of counselling and legal clinic sessions. Tens of thousands of Helpline calls. On AWARE's birthday, check out this incredible article and infographic set by Kontinentalist, tracking 35 years of our gender equality advocacy and services.

KONTINENTALIST.COM
Becoming AWARE: 35 years of women‚Äôs activism","üìà AWARE by the numbers! üìà

Dozens of research reports. Thousands of counselling and legal clinic sessions. Tens of thousands of Helpline calls. On AWARE's birthday, check out this incredible article and infographic set by Kontinentalist, tracking 35 years of our gender equality advocacy and services.","KONTINENTALIST.COM
Becoming AWARE: 35 years of women‚Äôs activism",2020-11-25 06:05:09,,,,,34,3,9,https://facebook.com/story.php?story_fbid=3763045247041220&id=113557648656683,https://kontinentalist.com/stories/aware-35-years-of-womens-activism-in-singapore,113557648656683,[]
3760599077285837,"Lianhe Zaobao ËÅîÂêàÊó©Êä• ran a profile of AWARE president and founding member Margie Thomas today! Margie talks about AWARE's hopes for Singapore's upcoming gender equality review, as well as our own plans to foreground in national conversation the struggles of female caregivers and survivors of sexual assault, workplace discrimination and harassment. Read more at the link!

ZAOBAO.COM.SG
Â¶áÂçè‰ºöÈïøÊâòÈ©¨ÊñØÔºöËá™Âà∂ÂÆö„ÄäÂ¶áÂ•≥ÂÆ™Á´†„Äã‰ª•Êù• ÊàëÂõΩÂ•≥ÊÄßÊùÉÁõäÊé®ËøõÊàñÊù•Âà∞Êñ∞ËΩ¨ÊäòÁÇπ","Lianhe Zaobao ËÅîÂêàÊó©Êä• ran a profile of AWARE president and founding member Margie Thomas today! Margie talks about AWARE's hopes for Singapore's upcoming gender equality review, as well as our own plans to foreground in national conversation the struggles of female caregivers and survivors of sexual assault, workplace discrimination and harassment. Read more at the link!","ZAOBAO.COM.SG
Â¶áÂçè‰ºöÈïøÊâòÈ©¨ÊñØÔºöËá™Âà∂ÂÆö„ÄäÂ¶áÂ•≥ÂÆ™Á´†„Äã‰ª•Êù• ÊàëÂõΩÂ•≥ÊÄßÊùÉÁõäÊé®ËøõÊàñÊù•Âà∞Êñ∞ËΩ¨ÊäòÁÇπ",2020-11-24 09:11:11,,,,,33,0,3,https://facebook.com/story.php?story_fbid=3760599077285837&id=113557648656683,https://www.zaobao.com.sg/news/singapore/story20201124-1103355,113557648656683,[]
3760228530656225,"""When work and family obligations collide and someone needs to sacrifice at work, it‚Äôs much more likely to be the mother than the father, research suggests. It seems that it‚Äôs not because men‚Äôs jobs are inherently less flexible or more important ‚Äî but that they treat them as though they are.""

NYTIMES.COM
When Schools Closed, Americans Turned to Their Usual Backup Plan: Mothers","""When work and family obligations collide and someone needs to sacrifice at work, it‚Äôs much more likely to be the mother than the father, research suggests. It seems that it‚Äôs not because men‚Äôs jobs are inherently less flexible or more important ‚Äî but that they treat them as though they are.""","NYTIMES.COM
When Schools Closed, Americans Turned to Their Usual Backup Plan: Mothers",2020-11-24 05:28:35,,,,,8,0,2,https://facebook.com/story.php?story_fbid=3760228530656225&id=113557648656683,https://www.nytimes.com/2020/11/17/upshot/schools-closing-mothers-leaving-jobs.html,113557648656683,[]
3757604737585271,"""We should legislate six days of paid eldercare leave, like the six days of childcare leave currently available... Paid care leave should be available to all workers and should be extended to all primary family caregivers regardless of their relationship to the care recipient.""

A letter by AWARE Project Consultant Jasmine Gomez. #MakeCareCount

STRAITSTIMES.COM
Forum: Legislate six days of paid eldercare leave","""We should legislate six days of paid eldercare leave, like the six days of childcare leave currently available... Paid care leave should be available to all workers and should be extended to all primary family caregivers regardless of their relationship to the care recipient.""

A letter by AWARE Project Consultant Jasmine Gomez. #MakeCareCount","STRAITSTIMES.COM
Forum: Legislate six days of paid eldercare leave",2020-11-23 06:15:51,,,,,32,0,5,https://facebook.com/story.php?story_fbid=3757604737585271&id=113557648656683,https://www.straitstimes.com/opinion/forum/forum-caregiving-legislate-six-days-of-paid-eldercare-leave,113557648656683,[]
3757428667602878,"üçπ Gin-der Equality and Misogyny B Gone üçπ

Thanks to our friends at GudSht, we're ringing in AWARE's 35th birthday this week with two love-and-rage-themed cocktails. (Because after 35 years of fighting for equality, we all deserve a drink or two.)

Both cocktails are available for order 'til 4 December. GudSht will be donating 10% of all proceeds from sales of these #AWAREFest2020 special edition drinks to AWARE!

GUDSHT.ORG
AWAREFEST LIMITED RELEASE BUNDLE | GudSht Cocktails","üçπ Gin-der Equality and Misogyny B Gone üçπ

Thanks to our friends at GudSht, we're ringing in AWARE's 35th birthday this week with two love-and-rage-themed cocktails. (Because after 35 years of fighting for equality, we all deserve a drink or two.)

Both cocktails are available for order 'til 4 December. GudSht will be donating 10% of all proceeds from sales of these #AWAREFest2020 special edition drinks to AWARE!","GUDSHT.ORG
AWAREFEST LIMITED RELEASE BUNDLE | GudSht Cocktails",2020-11-23 04:36:34,,,,,8,0,0,https://facebook.com/story.php?story_fbid=3757428667602878&id=113557648656683,https://www.gudsht.org/product-page/awarefest-limited-release-bundle,113557648656683,[]
3749677468377998,"AWARE is facilitating two ongoing research projects on technology-faciliated sexual violence in Singapore. Both projects are seeking respondents to interview about their experiences with such violence (including harassment, cyberbullying, digital voyeurism or other behaviours).

By taking part in these studies, you'll contribute to a climate of greater support and recourse for survivors. Learn more at the link.

AWARE.ORG.SG
Respondents needed for two studies on image-based sexual abuse and online harms in Singapore","AWARE is facilitating two ongoing research projects on technology-faciliated sexual violence in Singapore. Both projects are seeking respondents to interview about their experiences with such violence (including harassment, cyberbullying, digital voyeurism or other behaviours).

By taking part in these studies, you'll contribute to a climate of greater support and recourse for survivors. Learn more at the link.","AWARE.ORG.SG
Respondents needed for two studies on image-based sexual abuse and online harms in Singapore",2020-11-20 10:53:06,,,,,21,0,9,https://facebook.com/story.php?story_fbid=3749677468377998&id=113557648656683,https://www.aware.org.sg/2020/11/respondents-needed-tfsv-research-ibsa-survivors-recourse/,113557648656683,[]
3749192058426539,"""In Asia-Pacific, women spend four to 11 times more time on housework than men do daily. According to the UN Women Asia and the Pacific, such work could count for at least US$10.8 trillion a year of the global economy. However, the effort spent on this work is often unrecognised and undervalued.""

President Halimah Yacob on why ""promoting women empowerment is therefore not just an ideal of fairness, but also one that makes economic sense"".

STRAITSTIMES.COM
Asian economies should tap women as powerful, underutilised engine of growth: President Halimah","""In Asia-Pacific, women spend four to 11 times more time on housework than men do daily. According to the UN Women Asia and the Pacific, such work could count for at least US$10.8 trillion a year of the global economy. However, the effort spent on this work is often unrecognised and undervalued.""

President Halimah Yacob on why ""promoting women empowerment is therefore not just an ideal of fairness, but also one that makes economic sense"".","STRAITSTIMES.COM
Asian economies should tap women as powerful, underutilised engine of growth: President Halimah",2020-11-20 06:29:40,,,,,25,2,2,https://facebook.com/story.php?story_fbid=3749192058426539&id=113557648656683,https://www.straitstimes.com/singapore/asian-economies-should-tap-women-as-powerful-underutilised-engine-of-growth-president,113557648656683,[]
3746932135319198,"""The message that girls should have access to boyhood came with a disdain for whatever‚Äôs marked as feminine. When kids say, 'I hate pink,' what they‚Äôre saying is, 'I hate what‚Äôs associated with girls.' Girls learn the gender hierarchy and start pushing this stuff away to make them seem cooler. By 6, they‚Äôre internalizing sexism.""

Why we should retire gendered approaches to raising girls versus boys.

NYTIMES.COM
Why Do We Still Have ‚ÄòGirl Stuff‚Äô and ‚ÄòBoy Stuff‚Äô?","""The message that girls should have access to boyhood came with a disdain for whatever‚Äôs marked as feminine. When kids say, 'I hate pink,' what they‚Äôre saying is, 'I hate what‚Äôs associated with girls.' Girls learn the gender hierarchy and start pushing this stuff away to make them seem cooler. By 6, they‚Äôre internalizing sexism.""

Why we should retire gendered approaches to raising girls versus boys.","NYTIMES.COM
Why Do We Still Have ‚ÄòGirl Stuff‚Äô and ‚ÄòBoy Stuff‚Äô?",2020-11-19 12:07:25,,,,,39,0,6,https://facebook.com/story.php?story_fbid=3746932135319198&id=113557648656683,https://www.nytimes.com/2020/11/18/us/gender-identity-childhood-tomboy-lisa-selin-davis.html,113557648656683,[]
3746684355343976,"A private brewery tour and kombucha workshop. A 3D2N stay in a gorgeous Bali villa. A one-of-a-kind Cheongsam. An original song written and recorded just for you.

We do a silent auction every year as part of our annual ball. This year's auction is now live, and open to the public! Proceeds go towards our NextGen campaign to nurture a new generation of change-makers.

Browse our full list of lovingly curated auction items, and place your bids, at https://www.accelevents.com/e/awarehouseparty","A private brewery tour and kombucha workshop. A 3D2N stay in a gorgeous Bali villa. A one-of-a-kind Cheongsam. An original song written and recorded just for you.

We do a silent auction every year as part of our annual ball. This year's auction is now live, and open to the public! Proceeds go towards our NextGen campaign to nurture a new generation of change-makers.

Browse our full list of lovingly curated auction items, and place your bids, at https://www.accelevents.com/e/awarehouseparty",,2020-11-19 09:35:51,https://scontent.fadd1-1.fna.fbcdn.net/v/t1.0-9/125813955_3746707522008326_2584406488293771071_n.png?_nc_cat=107&ccb=2&_nc_sid=8024bb&_nc_ohc=dEc5Qut-S8EAX8F0Qfi&_nc_ht=scontent.fadd1-1.fna&oh=8a684f37bb4754e86b55682e52d2f6eb&oe=5FF93F2E,,,,13,0,0,https://facebook.com/story.php?story_fbid=3746684355343976&id=113557648656683,https://www.accelevents.com/e/awarehouseparty,113557648656683,"['https://scontent.fadd1-1.fna.fbcdn.net/v/t1.0-9/125813955_3746707522008326_2584406488293771071_n.png?_nc_cat=107&ccb=2&_nc_sid=8024bb&_nc_ohc=dEc5Qut-S8EAX8F0Qfi&_nc_ht=scontent.fadd1-1.fna&oh=8a684f37bb4754e86b55682e52d2f6eb&oe=5FF93F2E', 'https://scontent.fadd1-1.fna.fbcdn.net/v/t1.0-9/125308744_3746702942008784_1184115185742917691_n.png?_nc_cat=103&ccb=2&_nc_sid=8024bb&_nc_ohc=Yyu2lzgBoL4AX9Bs-yH&_nc_ht=scontent.fadd1-1.fna&oh=44d5e8c78e2859a7750d463cc1a1c781&oe=5FF6821F', 'https://scontent.fadd1-1.fna.fbcdn.net/v/t1.0-9/126202100_3746702972008781_4789279313783464610_n.png?_nc_cat=105&ccb=2&_nc_sid=8024bb&_nc_ohc=-l8mUfuCfKUAX99vnhg&_nc_ht=scontent.fadd1-1.fna&oh=53fd4b160bec238f465c559f7117cf30&oe=5FF90E79', 'https://scontent.fadd1-1.fna.fbcdn.net/v/t1.0-9/125240229_3746703078675437_7923009610386943978_n.png?_nc_cat=103&ccb=2&_nc_sid=8024bb&_nc_ohc=Rz8RVCj3IKAAX-uM_Uy&_nc_ht=scontent.fadd1-1.fna&oh=142085418071cd11494385eb5f94881a&oe=5FF6DF74']"
3744187722260306,"""Regular, accessible workshops that cover a range of topics ‚Äì the psychology behind 'fight', 'flight', 'freeze' or 'fawn' responses, consent and setting boundaries, the existence and eradication of rape culture ‚Äì can help male and female students break down the issue of campus sexual harassment.""

How can we better understand and prevent sexual violence at universities? A commentary by a co-founder of Girl, Talk.

CHANNELNEWSASIA.COM
Commentary: The education I wished I had when a senior at university touched me","""Regular, accessible workshops that cover a range of topics ‚Äì the psychology behind 'fight', 'flight', 'freeze' or 'fawn' responses, consent and setting boundaries, the existence and eradication of rape culture ‚Äì can help male and female students break down the issue of campus sexual harassment.""

How can we better understand and prevent sexual violence at universities? A commentary by a co-founder of Girl, Talk.","CHANNELNEWSASIA.COM
Commentary: The education I wished I had when a senior at university touched me",2020-11-18 11:58:20,,,,,17,1,3,https://facebook.com/story.php?story_fbid=3744187722260306&id=113557648656683,https://www.channelnewsasia.com/news/commentary/university-sexual-harassment-education-awareness-13531564,113557648656683,[]
3743640315648380,"As we gear up for our 35th birthday next week, take a quick trip down memory lane, courtesy of our friends at Kontinentalist. Here are a few landmark moments in AWARE's history and our fight for gender equality over the years.

See the timeline in its full glory at https://aware.org.sg/awarefest/aware-milestones","As we gear up for our 35th birthday next week, take a quick trip down memory lane, courtesy of our friends at Kontinentalist. Here are a few landmark moments in AWARE's history and our fight for gender equality over the years.

See the timeline in its full glory at https://aware.org.sg/awarefest/aware-milestones",,2020-11-18 06:32:47,https://scontent.fadd1-1.fna.fbcdn.net/v/t1.0-9/125408074_3743631335649278_2807343908822797059_o.png?_nc_cat=105&ccb=2&_nc_sid=8024bb&_nc_ohc=HrBmh9n2Bf0AX9Lg6nF&_nc_ht=scontent.fadd1-1.fna&oh=66e58ca184dd915539f2307dc9d6dd8b&oe=5FF69E72,,,,21,0,0,https://facebook.com/story.php?story_fbid=3743640315648380&id=113557648656683,https://aware.org.sg/awarefest/aware-milestones,113557648656683,['https://scontent.fadd1-1.fna.fbcdn.net/v/t1.0-9/125408074_3743631335649278_2807343908822797059_o.png?_nc_cat=105&ccb=2&_nc_sid=8024bb&_nc_ohc=HrBmh9n2Bf0AX9Lg6nF&_nc_ht=scontent.fadd1-1.fna&oh=66e58ca184dd915539f2307dc9d6dd8b&oe=5FF69E72']
815304049266846,"TUE, DEC 1
Birds & Bees, A Workshop for Parents: 1, 8, 15 December 2020",,"TUE, DEC 1
Birds & Bees, A Workshop for Parents: 1, 8, 15 December 2020",2020-11-17 08:38:38,,,,,4,1,0,,,113557648656683,[]
3740790009266744,"AWARE's Senior Research Executive Chong Ning Qian was live on 96.3Â•ΩFM this morning, talking about our recent research into migrant domestic workers and eldercare! She was joined by Janice Tan, director of 1.Care Employment Agency, who shared the agency's perspective on supporting and training domestic workers.

Watch the full interview here.

96.3Â•ΩFM was live.
November 17 at 7:36 AM ¬∑

„ÄäÊó©ÂÆâÔºÅÂ•Ω‰∫∫Â∏Æ„Äã
‰∏ÄËµ∑Êù•ÂÖ≥Ê≥®Â§ñÁ±çÂ•≥‰Ω£ÁöÑÂ∑•Êó∂‰∏éÁ¶èÂà©„ÄÇ","AWARE's Senior Research Executive Chong Ning Qian was live on 96.3Â•ΩFM this morning, talking about our recent research into migrant domestic workers and eldercare! She was joined by Janice Tan, director of 1.Care Employment Agency, who shared the agency's perspective on supporting and training domestic workers.

Watch the full interview here.","96.3Â•ΩFM was live.
November 17 at 7:36 AM ¬∑

„ÄäÊó©ÂÆâÔºÅÂ•Ω‰∫∫Â∏Æ„Äã
‰∏ÄËµ∑Êù•ÂÖ≥Ê≥®Â§ñÁ±çÂ•≥‰Ω£ÁöÑÂ∑•Êó∂‰∏éÁ¶èÂà©„ÄÇ",2020-11-17 06:56:01,,https://scontent.fadd1-1.fna.fbcdn.net/v/t66.36281-6/10000000_411481226673093_5560224166136927604_n.mp4?_nc_cat=107&ccb=2&_nc_sid=985c63&efg=eyJ2ZW5jb2RlX3RhZyI6Im9lcF9zZCJ9&_nc_ohc=36KSjYQykKYAX8ZKJ4v&_nc_ht=scontent.fadd1-1.fna&oh=1d452bda0b25bf9e62aaf10dff400ed2&oe=5FF6DE51,https://scontent.fadd1-1.fna.fbcdn.net/v/t15.13418-10/cp0/e15/q65/p173x172/121841234_395100538350006_9213987015141069540_n.jpg?_nc_cat=104&ccb=2&_nc_sid=ccf8b3&_nc_ohc=gI4yYwLiFqIAX-NHE20&_nc_ht=scontent.fadd1-1.fna&oh=93cbb5955749d57cdcb64bcf3d803396&oe=5FF7C748,1470486239808562,23,0,3,https://facebook.com/story.php?story_fbid=3740790009266744&id=113557648656683,,113557648656683,[]
3739140052765073,"From the vault: the April 1991 edition of AWARE's quarterly newsletter, appropriately titled ""Awareness"". This edition, penned by long-time member Halijah Mohamad, commemorates the official launch of our Women's Centre and Helpline, with then-President Hedwig Anuar and Helpline Co-ordinator Claire Chiang. The Women's Helpline has since served many thousands of women, and been expanded into four languages. We're grateful to all the incredible staff and volunteers over the years who made that possible!

Learn more about AWARE's history from our indefatigable executive director, Corinna Lim! As part of #AWAREFest2020 next week, she'll lead a virtual workshop entitled ""The Story of AWARE"", walking you through 35 years of feminist action and research. Sign up at bit.ly/35AxkXy.","From the vault: the April 1991 edition of AWARE's quarterly newsletter, appropriately titled ""Awareness"". This edition, penned by long-time member Halijah Mohamad, commemorates the official launch of our Women's Centre and Helpline, with then-President Hedwig Anuar and Helpline Co-ordinator Claire Chiang. The Women's Helpline has since served many thousands of women, and been expanded into four languages. We're grateful to all the incredible staff and volunteers over the years who made that possible!

Learn more about AWARE's history from our indefatigable executive director, Corinna Lim! As part of #AWAREFest2020 next week, she'll lead a virtual workshop entitled ""The Story of AWARE"", walking you through 35 years of feminist action and research. Sign up at bit.ly/35AxkXy.",,2020-11-16 17:02:13,https://scontent.fadd1-1.fna.fbcdn.net/v/t1.0-9/fr/cp0/e15/q65/125202675_3739129182766160_343105574383200591_o.jpg?_nc_cat=101&ccb=2&_nc_sid=8024bb&_nc_ohc=4-Izj8uNJH4AX8HzM4B&_nc_ht=scontent.fadd1-1.fna&tp=14&oh=1fca8a5199564a6827a7e76fbde28c04&oe=5FF5DCE3,,,,13,0,0,https://facebook.com/story.php?story_fbid=3739140052765073&id=113557648656683,https://bit.ly/35AxkXy,113557648656683,"['https://scontent.fadd1-1.fna.fbcdn.net/v/t1.0-9/fr/cp0/e15/q65/125202675_3739129182766160_343105574383200591_o.jpg?_nc_cat=101&ccb=2&_nc_sid=8024bb&_nc_ohc=4-Izj8uNJH4AX8HzM4B&_nc_ht=scontent.fadd1-1.fna&tp=14&oh=1fca8a5199564a6827a7e76fbde28c04&oe=5FF5DCE3', 'https://scontent.fadd1-1.fna.fbcdn.net/v/t1.0-9/fr/cp0/e15/q65/124825644_3739129229432822_4249625485550133512_o.jpg?_nc_cat=104&ccb=2&_nc_sid=8024bb&_nc_ohc=tNl24qwIWrUAX_JHvZe&_nc_ht=scontent.fadd1-1.fna&tp=14&oh=ff2fbc56fc6ea01e1504905882932cd1&oe=5FF65E2F']"
3738083069537438,"We're glad that ""Neither Family Nor Employee"", the AWARE-HOME report on migrant domestic workers' caregiver burden, has resonated with many.

These two letters in The Straits Times Forum support our point that domestic workers providing eldercare require far more support and protection.

Read them:
https://www.straitstimes.com/opinion/forum/forum-maids-cannot-be-trained-to-be-superhuman-caregivers

https://www.straitstimes.com/opinion/forum/forum-time-to-see-and-value-caregiving-as-a-profession","We're glad that ""Neither Family Nor Employee"", the AWARE-HOME report on migrant domestic workers' caregiver burden, has resonated with many.

These two letters in The Straits Times Forum support our point that domestic workers providing eldercare require far more support and protection.

Read them:
https://www.straitstimes.com/opinion/forum/forum-maids-cannot-be-trained-to-be-superhuman-caregivers

https://www.straitstimes.com/opinion/forum/forum-time-to-see-and-value-caregiving-as-a-profession",,2020-11-16 07:50:40,https://scontent.fadd1-1.fna.fbcdn.net/v/t1.0-9/fr/cp0/e15/q65/125209671_3738082962870782_8288229605376426727_n.jpg?_nc_cat=107&ccb=2&_nc_sid=110474&_nc_ohc=9FrKTjNIKzsAX9Wfwt_&_nc_ht=scontent.fadd1-1.fna&tp=14&oh=68ac5e0a3f3ca0997bc36e1f1d9b9bec&oe=5FF5D0F8,,,,48,0,0,https://facebook.com/story.php?story_fbid=3738083069537438&id=113557648656683,https://www.straitstimes.com/opinion/forum/forum-maids-cannot-be-trained-to-be-superhuman-caregivers,113557648656683,"['https://scontent.fadd1-1.fna.fbcdn.net/v/t1.0-9/fr/cp0/e15/q65/125209671_3738082962870782_8288229605376426727_n.jpg?_nc_cat=107&ccb=2&_nc_sid=110474&_nc_ohc=9FrKTjNIKzsAX9Wfwt_&_nc_ht=scontent.fadd1-1.fna&tp=14&oh=68ac5e0a3f3ca0997bc36e1f1d9b9bec&oe=5FF5D0F8', 'https://scontent.fadd1-1.fna.fbcdn.net/v/t1.0-9/fr/cp0/e15/q65/125202166_3738083029537442_4661679853499008500_n.jpg?_nc_cat=103&ccb=2&_nc_sid=110474&_nc_ohc=vSCVWPSG-QsAX9zzWZg&_nc_ht=scontent.fadd1-1.fna&tp=14&oh=44476756a6f220a6e90a7aee45d56575&oe=5FF5C322']"
3732848636727548,"The Alamak! Awards are back!

While our AWARE Awards celebrate individuals and organisations that break the barriers of gender inequality each year, our annual Alamak! Awards have since 2011 been given out to those who have done the opposite - i.e. further entrenched sexist and patriarchal norms in Singapore.

These are the four Alamak! nominees for 2020... and we need you to help determine the winner by voting! The (un)lucky winner will be announced during our AWAREHouse Party on 28 November - but not before all four nominees are skewered in song by the wickedly funny musical satire group Chestnuts.

Get your vote in now! Visit bit.ly/32TbHju to make your pick.","The Alamak! Awards are back!

While our AWARE Awards celebrate individuals and organisations that break the barriers of gender inequality each year, our annual Alamak! Awards have since 2011 been given out to those who have done the opposite - i.e. further entrenched sexist and patriarchal norms in Singapore.

These are the four Alamak! nominees for 2020... and we need you to help determine the winner by voting! The (un)lucky winner will be announced during our AWAREHouse Party on 28 November - but not before all four nominees are skewered in song by the wickedly funny musical satire group Chestnuts.

Get your vote in now! Visit bit.ly/32TbHju to make your pick.",,2020-11-14 13:24:15,https://scontent.fadd1-1.fna.fbcdn.net/v/t1.0-9/fr/cp0/e15/q65/124967398_3732848020060943_4040629193389058462_o.jpg?_nc_cat=106&ccb=2&_nc_sid=8024bb&_nc_ohc=x06anPWf1eMAX_2UA0e&_nc_ht=scontent.fadd1-1.fna&tp=14&oh=d49da68e4128e77ade01f2f6d19010d6&oe=5FF75BDF,,,,82,0,0,https://facebook.com/story.php?story_fbid=3732848636727548&id=113557648656683,https://bit.ly/32TbHju,113557648656683,"['https://scontent.fadd1-1.fna.fbcdn.net/v/t1.0-9/fr/cp0/e15/q65/124967398_3732848020060943_4040629193389058462_o.jpg?_nc_cat=106&ccb=2&_nc_sid=8024bb&_nc_ohc=x06anPWf1eMAX_2UA0e&_nc_ht=scontent.fadd1-1.fna&tp=14&oh=d49da68e4128e77ade01f2f6d19010d6&oe=5FF75BDF', 'https://scontent.fadd1-1.fna.fbcdn.net/v/t1.0-9/fr/cp0/e15/q65/124451675_3732848090060936_3244562579555740480_o.jpg?_nc_cat=109&ccb=2&_nc_sid=8024bb&_nc_ohc=7-3ppewpQfAAX9Ttf3u&_nc_ht=scontent.fadd1-1.fna&tp=14&oh=229ebd589afa2eb8dfb677b30d1b36ea&oe=5FF5810D', 'https://scontent.fadd1-1.fna.fbcdn.net/v/t1.0-9/fr/cp0/e15/q65/125040373_3732848216727590_1710628623252428791_o.jpg?_nc_cat=110&ccb=2&_nc_sid=8024bb&_nc_ohc=VwPtmHimDmUAX98ez7T&_nc_oc=AQnIAZaXDkqjtmc1tuBUUTNwwYgX75Ktgr6k-ALemtB6-aRF0aYKgW6uFfM_Lf6GAcQ&_nc_ht=scontent.fadd1-1.fna&tp=14&oh=29e6bfcc191a0bed9a850e54a0637b1c&oe=5FF66C99', 'https://scontent.fadd1-1.fna.fbcdn.net/v/t1.0-9/fr/cp0/e15/q65/124967373_3732848343394244_5262591571896177818_o.jpg?_nc_cat=101&ccb=2&_nc_sid=8024bb&_nc_ohc=Yaoo-fW45mMAX_bQ_Et&_nc_oc=AQlWFtSgNbDCI5gSCttL5uFiCVfYsXuXF62kdDxrm7lO8UPhs7zRtXWcda5P-z0f6l8&_nc_ht=scontent.fadd1-1.fna&tp=14&oh=a0f3eda67f6453d5a315d913091d24a6&oe=5FF7F9AD']"
3729271937085218,"""Because the whole day you are awake and you also have to wake up the whole night. It is hard‚Ä¶ In the morning I have time to rest, but I cannot sleep. I really cannot.‚Äù

Domestic workers suffer from a caregiver burden, caused by overwork, inaccurate job matching and inadequate informational/emotional support. This impairs both the workers' well-being, and the quality of care they can provide to our elderly - a lose-lose scenario.

For ""Neither Family Nor Employee"", a study by AWARE and HOME: Humanitarian Organisation for Migration Economics, we interviewed 25 migrant domestic workers providing eldercare in Singapore (as well as a range of employers, employment agencies and training providers).

Learn more about our findings and our recommendations in these graphics. Read the full report at bit.ly/3nidEh0.","""Because the whole day you are awake and you also have to wake up the whole night. It is hard‚Ä¶ In the morning I have time to rest, but I cannot sleep. I really cannot.‚Äù

Domestic workers suffer from a caregiver burden, caused by overwork, inaccurate job matching and inadequate informational/emotional support. This impairs both the workers' well-being, and the quality of care they can provide to our elderly - a lose-lose scenario.

For ""Neither Family Nor Employee"", a study by AWARE and HOME: Humanitarian Organisation for Migration Economics, we interviewed 25 migrant domestic workers providing eldercare in Singapore (as well as a range of employers, employment agencies and training providers).

Learn more about our findings and our recommendations in these graphics. Read the full report at bit.ly/3nidEh0.",,2020-11-13 07:07:33,https://scontent.fadd1-1.fna.fbcdn.net/v/t1.0-9/124689997_3729268507085561_1754351097545970378_o.png?_nc_cat=107&ccb=2&_nc_sid=8024bb&_nc_ohc=Ke47zicQT_kAX-Oipzn&_nc_ht=scontent.fadd1-1.fna&oh=19b32953b2f3fb92b1a1b0f21fad567b&oe=5FF91242,,,,42,0,0,https://facebook.com/story.php?story_fbid=3729271937085218&id=113557648656683,https://bit.ly/3nidEh0,113557648656683,"['https://scontent.fadd1-1.fna.fbcdn.net/v/t1.0-9/124689997_3729268507085561_1754351097545970378_o.png?_nc_cat=107&ccb=2&_nc_sid=8024bb&_nc_ohc=Ke47zicQT_kAX-Oipzn&_nc_ht=scontent.fadd1-1.fna&oh=19b32953b2f3fb92b1a1b0f21fad567b&oe=5FF91242', 'https://scontent.fadd1-1.fna.fbcdn.net/v/t1.0-9/125263171_3729268480418897_5770290665526304618_o.png?_nc_cat=100&ccb=2&_nc_sid=8024bb&_nc_ohc=Zw9nVgvyHxMAX9D4AJE&_nc_oc=AQl8YJn3PwO5XWBMpJdOY_MqHSHuqKxMPoc_-v9nLeFGG0NG_YMTVx1BL-yyMqGSYvA&_nc_ht=scontent.fadd1-1.fna&oh=9215bc7e98ff2958b35742e1bda8616f&oe=5FF6FD59', 'https://scontent.fadd1-1.fna.fbcdn.net/v/t1.0-9/125018015_3729268473752231_3131452586179212785_o.png?_nc_cat=109&ccb=2&_nc_sid=8024bb&_nc_ohc=Q9jfd4OaDtAAX8o7iKx&_nc_ht=scontent.fadd1-1.fna&oh=ef1d30d6d77c4aeb487d804c21273607&oe=5FF7EAE9', 'https://scontent.fadd1-1.fna.fbcdn.net/v/t1.0-9/124567718_3729268453752233_7746712977029335933_o.png?_nc_cat=102&ccb=2&_nc_sid=8024bb&_nc_ohc=kqKDhA_qifUAX_jyaWx&_nc_ht=scontent.fadd1-1.fna&oh=bf676a38402c963d4ef7a88cef70c10f&oe=5FF5D332']"
3729167687095643,"""What‚Äôs been a less-than-ideal market for Singaporeans seeking employment is a nightmare situation for foreigners here, with businesses having to meet local employee quotas and navigate other laws regarding the hiring of foreigners.

As things stand, it looks likely that Ramisa will be required to leave Singapore and return to Bangladesh in five months' time.

Though she hasn‚Äôt begun to fathom what life would be like there; 'I don‚Äôt want to imagine it,' she said.""

Transnational families - many of whom have lived in Singapore for decades - are integral parts of our community. In a time of recession and travel restrictions, we ask authorities to be more compassionate to these families. The government should consider granting an automatic extension to those whose LTVPs are expiring or due for renewal during this period.

MOTHERSHIP.SG
Bangladeshi mum & daughter fight to stay together in S'pore after Covid-19 took their jobs","""What‚Äôs been a less-than-ideal market for Singaporeans seeking employment is a nightmare situation for foreigners here, with businesses having to meet local employee quotas and navigate other laws regarding the hiring of foreigners.

As things stand, it looks likely that Ramisa will be required to leave Singapore and return to Bangladesh in five months' time.

Though she hasn‚Äôt begun to fathom what life would be like there; 'I don‚Äôt want to imagine it,' she said.""

Transnational families - many of whom have lived in Singapore for decades - are integral parts of our community. In a time of recession and travel restrictions, we ask authorities to be more compassionate to these families. The government should consider granting an automatic extension to those whose LTVPs are expiring or due for renewal during this period.","MOTHERSHIP.SG
Bangladeshi mum & daughter fight to stay together in S'pore after Covid-19 took their jobs",2020-11-13 06:10:19,,,,,23,2,2,https://facebook.com/story.php?story_fbid=3729167687095643&id=113557648656683,https://mothership.sg/2020/11/bangladeshi-family-sg-pandemic/,113557648656683,[]
3726376367374775,"We are happy to hear that the Ministry of Home Affairs is reviewing Section 424 of the Criminal Procedure Code, on mandatory reporting of crimes. We know that other organisations and service providers who work with survivors of violence alongside AWARE will be glad for a clarification on this rule, as well.

STRAITSTIMES.COM
Forum: No legal requirement for victim's consent to lodge police report","We are happy to hear that the Ministry of Home Affairs is reviewing Section 424 of the Criminal Procedure Code, on mandatory reporting of crimes. We know that other organisations and service providers who work with survivors of violence alongside AWARE will be glad for a clarification on this rule, as well.","STRAITSTIMES.COM
Forum: No legal requirement for victim's consent to lodge police report",2020-11-12 07:05:11,,,,,28,1,3,https://facebook.com/story.php?story_fbid=3726376367374775&id=113557648656683,https://www.straitstimes.com/opinion/forum/forum-no-legal-requirement-for-victims-consent-to-lodge-police-report,113557648656683,[]
3726205557391856,"We are proud to launch our latest research report, ""Neither Family Nor Employee"", alongside HOME: Humanitarian Organisation for Migration Economics. ""Neither Family Nor Employee"" examines the stress (or ""caregiver burden"") faced by migrant domestic workers caring for the elderly in Singapore.

Building upon our 2019 #MakeCareCount report on family caregivers, this qualitative study was based on interviews with 25 domestic workers providing eldercare, as well as a range of employers, employment agencies and training providers. We found that three major factors for domestic workers' caregiver burden were overwork (14.5 work hours a day on average), inaccurate job matching and inadequate informational/emotional support.

Our recommendations to ameliorate the situation include strengthening legislative protection over domestic workers' working conditions, improving categorisation of skills and care needs for better matching, expanding formal eldercare training and creating targeted support resources.

Read our full report at the link.

AWARE.ORG.SG
Migrant domestic workers caring for the elderly afflicted by overwork, inaccurate job matching and inadequate support: AWARE-HOME study","We are proud to launch our latest research report, ""Neither Family Nor Employee"", alongside HOME: Humanitarian Organisation for Migration Economics. ""Neither Family Nor Employee"" examines the stress (or ""caregiver burden"") faced by migrant domestic workers caring for the elderly in Singapore.

Building upon our 2019 #MakeCareCount report on family caregivers, this qualitative study was based on interviews with 25 domestic workers providing eldercare, as well as a range of employers, employment agencies and training providers. We found that three major factors for domestic workers' caregiver burden were overwork (14.5 work hours a day on average), inaccurate job matching and inadequate informational/emotional support.

Our recommendations to ameliorate the situation include strengthening legislative protection over domestic workers' working conditions, improving categorisation of skills and care needs for better matching, expanding formal eldercare training and creating targeted support resources.

Read our full report at the link.","AWARE.ORG.SG
Migrant domestic workers caring for the elderly afflicted by overwork, inaccurate job matching and inadequate support: AWARE-HOME study",2020-11-12 05:30:44,,,,,37,0,20,https://facebook.com/story.php?story_fbid=3726205557391856&id=113557648656683,https://www.aware.org.sg/2020/11/migrant-domestic-workers-caregiver-burden-aware-home-study/,113557648656683,[]
