,text,content_size,image,link,language,time,label
3,"Evidence of the #health system challenges to promoting respectful maternity care (RMC) is limited in #Ethiopia and globally. This study investigated the health system constraints to RMC in three Southern Ethiopian hospitals. @AntenehAsef

Read it here: https://bit.ly/3qC86PZ",short,has_image,has_link,en,Noon,0
7,"Unwanted pregnancy and unsafe #abortion contribute significantly to the burden of #maternal suffering in the #DRC. This study aims to understand women and girls' health-seeking behaviour and to identify barriers in accessing care. @MSFsci

Read more: https://bit.ly/3iw0mMF",short,has_image,has_link,en,Noon,0
19,"The handbook challenges readers to consider #menstruators who have been historically marginalised in society and within Western-, cis-, white-, middle-class-, and neurotypical-centric reproductive and sexual health research.

Read more: https://bit.ly/3h2N4Xi
#SRHR #mentruation",short,has_image,has_link,en,Eve,0
21,"This article focuses on barriers #women face accessing #HIV testing and presents findings from the experiences of 18 HIV-positive women. #Indonesia

Read it here: https://bit.ly/3mAd5hZ",short,has_image,has_link,en,Morning,0
34,"New commentary now online: Comprehensive sexuality education in sub-Saharan Africa: adaptation and implementation challenges in universal access for children and adolescents

Read it here: https://bit.ly/3h1iFsi

#SRHR #reprohealth #reprorights #sexEd #education #Africa",short,has_image,has_link,en,Morning,0
39,"'The organisations we work for â€“ the RCOG and FSRH â€“ support the rights of women and girls across the world to access safe, contraception, abortion and post-abortion services.'

Op-ed by FSRH and @RCObsGyn Presidents in The Telegraph yesterday ğŸ‘‡

http://ow.ly/x7Zh50DpYfM

TELEGRAPH.CO.UK
Repealing the Global Gag Rule is good news â€“ but it could take months to repair the damage it caused",medium,no_image,has_link,en,Noon,0
44,"""I really do think itâ€™s because, even now, female sexual enjoyment is not seen as important"".

Our VP Dr Janet Barter speaks about the clitoris for Refinery29 UK.

REFINERY29.COM
How Can We Know So Little About Clitorises?

Refinery29 UK
January 30 at 1:20 PM Â·

The clitoris. Half the worldâ€™s population has one but itâ€™s hard to think of any other part of our anatomy thatâ€™s quite so shrouded in... https://r29.co/3r2oLwq",medium,no_image,has_link,en,Noon,0
52,"We are calling for healthcare practitioners with experience of telemedicine early medical abortion (EMA) provision to submit their views to the English and Welsh consultations.

Home EMA has reduced waiting times, lowered gestation lengths, and is safe and convenient for women. We believe the voices of practitioners will play a pivotal role in the outcome of the consultations.

Submitting your views is quick and easy. Find out more here: http://ow.ly/jN5y50DiFw9",medium,has_image,has_link,en,Eve,0
56,"Provision of effective contraception and abortion care remains essential throughout the COVID-19 pandemic.

Download our updated guidance on essential #SRH services during a third national lockdown and beyond. ğŸ‘‡

http://ow.ly/bPnK50DhFGm",short,has_image,has_link,en,Eve,0
59,"We have just issued updated guidance on essential SRH services during a third national lockdown and beyond.

Provision of effective contraception and abortion care remains essential throughout the COVID-19 pandemic.

We recognise there is wide variation in service capacity across the country, with some services continuing to deliver the full range of SRH services whilst others are managing to provide only essential services.

Local services should adopt a flexible approach adapting provision according to capacity, local prevalence of COVID-19 and risk of transmission.

http://ow.ly/ECTI50DfCaI",medium,has_image,has_link,en,Eve,0
76,"COVID-19 has highlighted contraceptive services need sustainable investment.

Our VP Dr Anne Lashford tells @MayaOppenheim of @Independent the health emergency will lead to â€œunprecedented financial pressureâ€ on public service budgets for â€œyears to comeâ€.

http://ow.ly/vGwO50D56UG

INDEPENDENT.CO.UK
Thousands of women had abortions while â€˜struggling to access contraception during Covid crisisâ€™",medium,no_image,has_link,en,Eve,0
79,"Thank you to all those who attended our Sexual Health Campaign workshop yesterday!

ğŸ”´During this workshop we educated attendees on what HIV is and what living with HIV is like nowadays. Attendees listened to the experience of an HIV positive individual and this gave them true insight into what it's like to live with HIV.

ğŸ”´We also invited Ryan Portelli from HIV Malta and Matthew Bartolo from Willingness Team to discuss different cases with attendees to learn how to approach different sexual health related situations in their professional life.

Learn more about HIV through the poster down below! â¬‡ï¸",medium,has_image,no_link,en,Noon,0
84,"Happy World AIDS Day 2020!â¤ï¸

World AIDS Day takes place on 1st December each and every year and is an opportunity for us to show support for those that are living with HIV, and commemorating those who have passed away from any AIDS-related illnesses.

Learn more about what HIV is and how to prevent it down belowâ¬‡ï¸

Check out our quiz on instagram to test your HIV/AIDS knowledge!",medium,has_image,no_link,en,Morning,0
91,"Be in the chance to WIN with MMSA! In order to celebrate Movember we are collaborating with Class Optical to give you a free pair of sunglasses.

Movember is dedicated to raising awareness on men's health issues such as prostate cancer, and testicular cancer, whilst also emphasising the importance of getting checked by your doctor!

To enter the giveaway, follow the steps below:

1. Follow @mmsa_malta and @class_optical
2. Like our 'Malta Medical Students' Association' and the 'MMSA - Sexual and Reproductive Health' Faceook pages.
3. Tag two friends in the comments
4. Share this post

You may comment more than once but make sure to tag different friends! Winners will be announced by the end of November. Good luck!",long,has_image,no_link,en,Noon,0
97,"Did you know that September is Polycystic Ovary Syndrome (PCOS) awareness month?

PCOS is a hormonal disorder that is common amongst women of reproductive age, and is the leading cause of female infertility. Increased awareness and education are essential to improving the lives of those living with PCOS. Learn more about what PCOS is down below â¬‡ï¸

Design: Owen Cachia",medium,has_image,no_link,en,Morning,0
99,"85% of sexual assault victims in Malta do not report the crime to authorities.

What is sexual assault? It is to force someone into sexual activity when they are unwilling, using violence, threatening behaviour, power or coercion. Sexual assault does not necessarily include the act of sex and can also occur when the victim is unable to give consent. Absence of the word â€˜noâ€™, does not necessarily mean â€˜yesâ€™ and is not defined as consent.

Forms of sexual assault include rape, marital rape, child sexual abuse, elderly sexual assault, groping, kissing and sexual harassment, with all the above causing severe, often, long-lasting psychological problems with the victims such as depression, anxiety, post traumatic stress disorder, and addiction. That would be in addition to the physical effects suffered such as physical trauma and unwanted pregnancies.

Many victims are invalidated, and even shamed, being told that it was their fault. This may affect how, and whether, they report what had happened to them to the authorities, either to avoid reliving the trauma of the assault or due to social stigma of being a victim.

Design: Owen Cachia",long,has_image,no_link,en,Morning,0
100,"Sexual assault is a punishable crime and can be defined as any form of unwanted sexual contact or behaviour that occurs without explicit consent of the recipient, this can include rape, fondling and even attempted rape. Sexual assault and/or rape are never a victimâ€™s fault! Any individual can be a victim of sexual assault, men, women, young or old. Although incredibly common, sexual assault remains greatly underreported locally.

If you are a victim of sexual assault and would like to seek support please contact the Victim Support Malta or the Supportline on 179. If you are a victim and would like to report the assault, please contact the Victim Support Unit within the Malta Police Force.

INDEPENDENT.COM.MT
#Metoomalta: Women find courage to speak up about sexual assault in Malta - The Malta Independent",long,no_image,has_link,en,Morning,0
101,"Today marks the last day of MMSA's term for the year 2019-2020. As of tomorrow, we officially welcome fresh new faces to the SCORA team! Looking back on the past year, it was a term of many firsts for MMSA SCORA - namely its first student abortion debate, its first fundraising and awareness event for the LGBTIQ+ community, and its first publication related to maternal health, MATERNA! Together with the usual events which stick to our ethos, such as World AIDS Day and the highly successful Peer Ed campaign in Sixth Forms and Secondary schools, SCORA was successful in creating awareness on topics which face much discrimination and are greatly tabooed in today's society. It has become increasingly evident that SCORA's work, now more than ever has become highly relevant and it shall keep up its work for the new term! Whilst thanking the past SCORA Officer, Andy Coleiro and her hard working team for their work in the past term, we now welcome Mick Zammit, the new SCORA Officer and her team for the term 2020-2021! Watch this space to keep up to date with SCORA's work for the term! Happy Summer!",long,has_image,no_link,en,Eve,0
102,"Throwback to our LGBTIQ+ Awareness event last October!
Through this event we raised awareness on LGBTIQ+ rights whilst raising money to donate to ARC - allied rainbow communities.
Happy Pride Month! ğŸ³ï¸â€ğŸŒˆ

ARC - allied rainbow communities
June 16, 2020 at 7:12 PM Â·

A huge & proud #shoutout to MMSA - Malta Medical Students' Association & MMSA - Sexual and Reproductive Health for donating their proceeds of their 2019 LGBTIQ+ Lockdown event to ARC - allied rainbow communities!

Thank You & Keep up the Amazing Work! ğŸ³ï¸â€ğŸŒˆğŸ³ï¸â€âš§",medium,has_image,no_link,en,Night,0
112,"Do you know what PEP is? ğŸ¤”
PEP or Post-Exposure Prophylaxis is taken shortly after exposure to HIV to prevent contracting the virus. This is one method of prevention, with regards to contracting HIV, amongst others such as the use of condoms.",short,has_image,no_link,en,Eve,0
116,"ğŸ“£Latest issue of the @BMJ_SRH journal has been published! Find all the content here: ow.ly/G36b50D6AGJ
#sexualandreproductivehealth

SRH.BMJ.COM
BMJ Sexual & Reproductive Health: 47 (1)",short,no_image,has_link,en,Eve,0
120,"""Financial incentives for GPs to give LARC advice to women were associated with more LARC prescriptions and reductions in abortions"" - new research in PlosMedicine https://journals.plos.org/plosmedicine/article?id=10.1371/journal.pmed.1003333

JOURNALS.PLOS.ORG
Impact of a pay-for-performance scheme for long-acting reversible contraceptive (LARC) advice on contraceptive uptake and abortion in British primary care: An interrupted time series study",medium,no_image,has_link,en,Night,0
121,"From the #ClinicalConsult series
Implant and adolescents by @EliseBerlanMD
https://srh.bmj.com/content/early/2020/07/28/bmjsrh-2020-200631",short,no_image,has_link,en,Noon,0
123,"Estimating the market size for a dual prevention pill: adding contraception to pre-exposure prophylaxis (PrEP) to increase uptake
New #openaccess research from @Pop_Council Read it now: https://srh.bmj.com/content/early/2020/07/31/bmjsrh-2020-200662

SRH.BMJ.COM
Estimating the market size for a dual prevention pill: adding contraception to pre-exposure prophylaxis (PrEP) to increase uptake",medium,no_image,has_link,en,Noon,0
128,"Vacancy: Social Media Editor

BMJ SRH is searching for a new Social Media Editor to expand our team, building the visibility of the journal via Twitter, Facebook, the blog and audio podcasts.

Find out more and share: http://srh.bmj.com/pages/wp-content/uploads/sites/63/2020/06/BMJ-SRH-Social-Media-Editor-advert-Jun-2020.pdf

@JME_BMJ @STI_BMJ",short,has_image,has_link,en,Noon,0
129,"Vacancy: Social Media Editor

Could you share the latest research and updates, communicate new findings in creative and accessible ways, and liaise with senior researchers worldwide?

Find out more and share: http://ow.ly/3e5u50AfkoI

#contraception #STI #sexualhealth",short,has_image,has_link,en,Noon,0
130,"How to involve women living with HIV in research...

https://blogs.bmj.com/bmjsrh/2020/06/25/include-perspectives-hiv/

@salamandertrust @NetworkAthena #whatwomenwant",short,no_image,has_link,en,Morning,0
131,"Vacancy: Social Media Editor

Do you have experience in sexual and reproductive health and an interest in science communication?

Find out more and share: http://ow.ly/8MYs50AfkjU

SRH.BMJ.COM
http://srh.bmj.com/pages/wp-content/uploads/sites/63/2020/06/BMJ-SRH-Social-Media-Editor-advert-Jun-2020.pdf",short,no_image,has_link,en,Noon,0
133,"Emergency contraception from the pharmacy 20 years on: a mystery shopper study

#New, #OpenAccess

Take a look now: https://srh.bmj.com/content/early/2020/06/17/bmjsrh-2020-200648

@CameronSharon @PBaraitser @mcd_li @AndrRadl @Judith_SRH

SRH.BMJ.COM
Emergency contraception from the pharmacy 20 years on: a mystery shopper study | BMJ Sexual & Reproductive Health",medium,no_image,has_link,en,Eve,0
135,"New paper by Jeffery Wale and @samrowlands999 of @bournemouthuni

""The ethics of state-sponsored and clinical promotion of long-acting reversible contraception""

Read it now: https://srh.bmj.com/content/early/2020/06/16/bmjsrh-2020-200630

SRH.BMJ.COM
The ethics of state-sponsored and clinical promotion of long-acting reversible contraception",short,no_image,has_link,en,Noon,0
136,"Read the new paper examining the association between young womenâ€™s physical and mental health and their method of contraception in a longitudinal, population-based study by @IngridRowlands @jacaluc @mishra_gita
https://srh.bmj.com/content/early/2020/06/10/bmjsrh-2019-200479

SRH.BMJ.COM
Association between young womenâ€™s physical and mental health and their method of contraception in a longitudinal, population-based study",medium,no_image,has_link,en,Morning,0
137,"A tool identifying different types of self-reported sexual risk among women at an #SRH clinic
Read the #openaccess paper now: https://srh.bmj.com/content/early/2020/06/04/bmjsrh-2019-200482
@jackiecassell
@BSMSPCPH
@NatalieEdelman
@Sussex_Psych
@SHSUnivBrighton
@UCL_SexHealth

SRH.BMJ.COM
Performance of a tool to identify different types of self-reported sexual risk among women attending a contraception and sexual health clinic: results of a cross-sectional survey | BMJ Sexual & Reproductive Health",medium,no_image,has_link,en,Morning,0
138,"Dame @DianaJohnsonMP urges readers of BMJSRH to contribute to the Inquiry into Access to Contraception

Read more here: https://blogs.bmj.com/bmjsrh/2020/06/10/understanding-the-new-normal/

@FSRH_UK @CameronSharon @TheSexDoctorUK @RezelPotts

BLOGS.BMJ.COM
Understanding the new normal: your chance to submit evidence to the Inquiry into Access to Contraception | BMJ Sexual & Reproductive Health blog",medium,no_image,has_link,en,Morning,0
139,"Dame @DianaJohnsonMP urges readers of BMJSRH to contribute to the Inquiry into Access to Contraception

""Real-life experiences, case studies, brief overviews will all help us to advocate for a system which works better for women.""

Read more here: http://ow.ly/SHXY50A3XWl

BLOGS.BMJ.COM
Understanding the new normal: your chance to submit evidence to the Inquiry into Access to Contraception | BMJ Sexual & Reproductive Health blog",medium,no_image,has_link,en,Noon,0
140,"How has access to #contraception been affected during #covid19? The Cross-Party Group on Sexual and Reproductive Health, formerly the APPG SRH, is reopening its Inquiry into Access to Contraception. You can find out how to submit here: http://ow.ly/u0jH50zSGIY",short,has_image,has_link,en,Morning,0
142,"How has access to #contraception been affected during #covid19? The Cross-Party Group on Sexual and Reproductive Health, formerly the APPG SRH, is reopening its Inquiry into Access to Contraception. You can find out how to submit here: http://ow.ly/u0jH50zSGIY",short,has_image,has_link,en,Eve,0
151,"A systematic review of the effectiveness of counselling strategies for modern contraceptive methods: what works and what doesnâ€™t?

https://srh.bmj.com/content/early/2020/05/15/bmjsrh-2019-200377

SRH.BMJ.COM
A systematic review of the effectiveness of counselling strategies for modern contraceptive methods: what works and what doesnâ€™t? | BMJ Sexual & Reproductive Health",medium,no_image,has_link,en,Eve,0
174,"It's World Contraception Day! ğŸ‰

This day was first launched on 26th of September 2007 as a global campaign to improve awareness of all contraceptive methods available and enable young people to make informed choices on their sexual and reproductive health.

Did you know that out of the 211 million estimated pregnancies that occur in the world, 40% are unwanted pregnancies? 50% of these unwanted pregancies then end in abortion, often in unsafe conditions.

Find out more facts here:
https://plan-uk.org/blogs/10-things-you-should-know-for-world-contraception-day

More about different methods of contraception:
https://www.your-life.com/en/contraception-methods/#methods-",long,has_image,has_link,en,Late Night,0
192,"SRH Week starts on Monday and we're kicking it off with a free Public Health Agency of Canada Webinar!

Register to hear from members of our National Youth Advisory Board about what youth-friendly care means, why it matters, and the short- and long-term positive impacts of youth-friendly sexual health care.

Click below to register today ğŸ‘‡

ACTIONCANADASHR.ORG
Register for the SRH Week 2021 Webinar: Youth-friendly care happens here! | Action Canada for Sexual Health and Rights",medium,no_image,has_link,en,Late Night,0
201,"''People in the sexual health sector are bracing for the impacts of the current lack of resources.''

GLOBALNEWS.CA
â€˜Weâ€™ve had people at our door in tearsâ€™: COVID-19 adds barriers to sexual health resources",short,no_image,has_link,en,Eve,0
202,"Whatâ€™s true and whatâ€™s not when it comes to sex-ed? Youâ€™ve probably heard some of the myths â€“ like that sex-ed means young people will have sex earlier. But Sex-ed save lives. As we celebrate the International Day of Education, letâ€™s debunk some myths about sex-ed ğŸ‘‰https://www.actioncanadashr.org/sex-ed-myths",short,has_image,has_link,en,Eve,0
203,"The COVID-19 pandemic has disrupted education around the world. This means less or no sex-ed for young people. On the International Day of Education, letâ€™s remember that comprehensive sex-ed is a human right and is critical to the health of young people. Sex-ed saves lives.
Learn more ğŸ‘‰https://www.actioncanadashr.org/resources/sexual-health-hub/sex-ed",short,has_image,has_link,en,Eve,0
205,"Want to know more about Amanda Gorman? Her past work includes this powerful piece on abortion rights. Watch it ğŸ‘‡

https://nowthisnews.com/videos/news/national-youth-poet-laureate-amanda-gorman-on-abortion-bans?fbclid=IwAR1dpjj5HFYsFn5gOTKwqeFik_2j2x0-egIkKdahlYNddOWfe0tSxJXuOsQ

NOWTHISNEWS.COM
National Youth Poet Laureate Amanda Gorman on Abortion Bans",medium,no_image,has_link,en,Eve,0
209,"Our friends Sexuality Education Resource Centre Manitoba, SERC are hosting a Virtual Valentineâ€™s Day SoirÃ©e, featuring the Keynote Presentation â€œLove in the Promiscuous Styleâ€ with Dr. Kim TallBear.

Tickets to this online fundraiser start at just $25.00, and all proceeds go to the Sexuality Education Resource Centre MB. Funds raised help equip youth with the skills needed to engage in safe and healthy relationships.

Purchase your tickets today: bit.ly/SERCValentinesSoiree

EVENTBRITE.CA
SERC's Valentine's Day SoirÃ©e",medium,no_image,has_link,en,Eve,0
219,"We are ready for the review of Canada under the Committee for the Rights of the Child in early 2021. With COVID-19 changing how we teach and learn at school and gender-based violence on the rise, comprehensive sex-ed is more important than ever. 2021 must be the year Canada provides sex-ed for all.

ACTIONCANADASHR.ORG
Submission to the UN Committee on the Rights of the Child | Action Canada for Sexual Health and Rights",medium,no_image,has_link,en,Eve,0
233,"Sexual harassment a form of violence against women. It is any unwelcome and unwanted sexual advances, requests for sexual favours, and other verbal or physical contacts of a sexual nature that creates a hostile or offensive environment. #StopViolenceAgainstWomen #PreventGBV",short,has_image,no_link,en,Early Morning,0
253,"During this holiday season, more women and girls are at higher risks of experiencing sexual harassment either on the streets or in public spaces. When you witness a woman or girl being sexually harassed, speak up or do something to stop it. #PreventGBV #EndVAW",short,has_image,no_link,en,Early Morning,0
256,"There are many things we can take a stand against gender-based violence: #PreventGBV #EndVAW

ğŸ“ŒDonâ€™t laugh at sexism â 
ğŸ“ŒStop victim-blaming â 
ğŸ“ŒTalk about consent â 
ğŸ“ŒListen to and believe survivors â 
ğŸ“ŒPractice intersectionality â 
ğŸ“ŒInvest in women â  â 
ğŸ“ŒSpeak up â 
ğŸ“ŒAct
ğŸ“ŒEducate!â 
â ",short,has_image,no_link,en,Noon,0
265,"The COVID19 pandemic places women & girls at higher risks of physical/sexual violence, including teenage girls, disabled women, women living in conflict zones, sex workers, and queer and trans women. What can you do to be supportive of vulnerable women this period? #16DaysOfActivism #WomenSafetyAndWellbeing",short,has_image,no_link,en,Early Morning,0
277,"NAMIBIA RATIFIED C190! Becoming the third country who officially ratified C190. It also ratified Convention 189! #RatifyC190

In depositing the official instrument of ratification, His Excellency Penda Naanda, stated: â€œThe adoption of Convention No.190 has introduced an important overall framework within which Namibia can address deep-seeded social problems that have a unique impact on the World of Work. For many years, our country has been grappling with the problem of sexual and gender-based violence and harassment. The legacy of apartheid in the form of racist violence and harassment is unfortunately still alive, particularly in the world of work, and bullying and various forms of behaviors that inflict physical, emotional, and/or economic harm persist."" Read more here:
https://www.ilo.org/global/lang--en/index.htm",long,has_image,has_link,en,Eve,1
304,"Human Rights Watch

#RatifyC190

HRW.ORG
India: Women at Risk of Sexual Abuse at Work",short,no_image,has_link,en,Noon,1
311,"â€¼ï¸ A recent survey from The Hollywood Commission found that ""1 in 5 females reported sexual assault in the workplace"" in the American entertainment industry. Their Culture and Climate Report 2019-20 describes different forms of violence, appalling statistics gathered from survey data, and testimonies of sexual harassment and assault from anonymous respondents.

â€¼ï¸ In addition to implementing the other recommendations included in the report, we urge governments to #ratifyILO190 and put an END to GBV in the world of work. #NoMoreMissingRights

To read the report: https://www.hollywoodcommission.org/hollywood-survey/

HOLLYWOODCOMMISSION.ORG
Hollywood Commission | The Hollywood Survey",long,no_image,has_link,en,Late Night,0
312,"After months of sexual harassment, intimidation, and other violence at the hands of her supervisor, Jeyasre Kathiravel, a 20-year-old Dalit garment worker at an H&M supplier in Tamil Nadu, was found dead. According to police reports, the supervisor confessed and was charged with her abduction and murder.

According to Jeyasre's family and a local union representing the workers at the supplier, Jeyasre had attempted to report the harassment she experienced at work, but no action was taken.

All too often, when women workers, especially in informal sectors, report GBV at work, they are attacked or killed.

This violence is unacceptable. Hold employers and governments to account: call on your government to #RatifyILO190 and ensure the rights of women workers. #NoMoreMissingRights

THEGUARDIAN.COM
Worker at H&M supply factory was killed after months of harassment, claims family",long,no_image,has_link,en,Late Night,1
322,"Thank you all for your tremendous work and activism globally over the past 16 days. COVID-19 has presented us with new challenges, which need both individual & collective solutions. Let's continue our efforts all year round to advance the human rights of women: to end GBV and advance a feminist agenda. From 16 to 365 days of activism, for a world without violence and with #NoMoreMissingRights.

ğŸ“Œ Governments must #ratifyILO190 & end gender-based violence(GBV) in the world of work NOW. With the dual pandemics of COVID-19 and GBV, women workers cannot wait any longer for their rights to be fully recognized.

ğŸ“Œ We received good news from Namibia during the Campaign. Our Campaign will continue to work closely with partners and allies to demand action & accountability from governments. We are especially excited about our new partnership in Nepal!

ğŸ“Œ In the days to come, we will share further news about our new Public Safety and Equity Initiative and other national-level activities.

ğŸ“Œ We'd love to hear about your 365-day agendas. See our recommendations for a ""365-day advocacy & accountability agenda"" in our 2020 Campaign Advocacy Guide (Page 41): https://bit.ly/36EVXTj Stay tuned for more updates!

[Photo Caption: Purple poster with three women and the text ""awareness, action, accountability, all year round: 365 days of activism against gender-based violence""]",long,has_image,no_link,en,Early Morning,0
325,"This year, we amplified the voices of informal women workers, acutely impacted by COVID. To illustrate the broad range of issues faced by these workers, we focused on few sectors [by no means exhaustive]: waste pickers, street vendors, agricultural workers, domestic workers, home-based workers & sex workers.

ğŸ“Œ Informal women workers face all kinds of gender-based violence (GBV) including evictions, verbal & physical abuse, sexual assault, rape, slavery and violations of Sexual and Reproductive Health and Rights (SRHR).

ğŸ“Œ They have the right to work free from violence & harassment. And they must be included in all COVID-related relief & recovery efforts.

ğŸ“Œ Governments & employers must end #GBV in the world of work NOW. Let's continue to call on governments to ratify the ILO Convention 190 (C190) to guarantee them minimum legal & social protections. #NoMoreMissingRights #RatifyILO190",long,has_image,no_link,en,Early Morning,0
327,"During the Campaign, we supported nine Community Circles in Kenya, India, Iraq, Yemen, Morocco, Bahamas, Fiji, Indonesia, and the U.S., to discuss the public safety and equity needs of women and girls, through our new ""Public Safety and Equity Initiative.""

ğŸ™Œ These Community Circles were led by rural women leaders, LGBTQ+ women, women with disabilities, informal women workers including market vendors and sex workers, university students and activists.

ğŸ“¢ Together, we call on governments to put an end to gender-based violence in public spaces. Our work with these communities has just begun ğŸ‘Š #NoMoreMissingRights",medium,has_image,no_link,en,Late Night,0
331,"Day 16: A day to pause and reflect

ğŸŒ In 1991, the Global 16 Days Campaign (Nov 25 to Dec 10) was launched by Center for Women's Global Leadership with feminists from different parts of the world at its first Womenâ€™s Global Leadership Institute, to AFFIRM and RECOGNIZE that women's rights are human rights!

ğŸ“Œ Since then, we have been joined by over 6000+ organizations in more than 185 countries and the Campaign has been used effectively by UN entities, grassroots womenâ€™s organizations, NGO & governments to raise awareness, demand accountability and showcase progress on eliminating gender-based violence (GBV).

ğŸ“Œ Nearly three decades later, we are in the midst of a public health, economic and labor crisis which has hit millions of women across the world. The surge in domestic violence cases across the world in the wake of COVID-19 speaks to the unfinished business of eliminating GBV.

ğŸ“Œ As individuals, organizations and communities, let's continue our fight. A world without violence is possible!! #NoMoreMissingRights

[Photo caption: A teal poster with ""Day 16"" written on it]",long,has_image,no_link,en,Noon,0
344,"A new report from Associated Press describes horrific violations
of Sexual and Reproductive Health and Rights (SRHR) on plantations that supply some of the worldâ€™s top beauty brands, where women workers face risks such as sexual assault & chemical poisoning.

ğŸ“Œ Governments must #RatifyILO190 & hold employers accountable! #NoMoreMissingRights

https://apnews.com/article/palm-oil-abuse-investigation-cosmetics-2a209d60c42bf0e8fcc6f8ea6daa11c7

APNEWS.COM
Rape, abuses in palm oil fields linked to top beauty brands",medium,no_image,has_link,en,Late Night,1
365,"""Public sexual harassment are the unwanted comments, gestures, or noises that strangers face because of their gender in public space.""

We pass the #GenderMic to these young activists.
Hear what they have to say. cc: Our Streets Now via: UN Women",short,no_image,no_link,en,Eve,1
373,"At least 144 countries have passed laws on sexual harassment. However, even when laws exist, this does not mean they are implemented. Learn more about what needs to be done: http://unwo.men/qESq50AMtpq",short,has_image,has_link,en,Noon,0
391,"âŒ áŒ¥á‰ƒá‰µáŠ•
âŒ áˆˆáŠ¨á‹áŠ•
âŒ áŠ áŠ•á‹µáŠ• á†á‰³ á‹¨áˆšá‹«áˆ³áŠ•áˆµ á‰€áˆá‹µáŠ•
âŒ á‹«áˆá‰°áŒˆá‰¡ á‰£áˆ…áˆªá‹«á‰µáŠ•
âŒ á‰°áŒˆá‰¢ á‹«áˆáˆ†áŠ‘ á‹ˆáˆ²á‰¥ áŠáŠ­ áŠ áˆµá‰°á‹«á‹¨á‰¶á‰½áŠ•
áˆµáŠ•áˆ˜áˆˆáŠ¨á‰µ áŠ¥áŠ•á‰ƒá‹ˆáˆ!

á‹ˆáˆ²á‰£á‹Š á‰µáŠ•áŠ®áˆ³ á‰ áááˆ á‰µáŠ­áŠ­áˆ áŠ á‹­á‹°áˆˆáˆá¡á¡
#YellowMvt #16á‰±á‰€áŠ“á‰µ #á‰¥áˆ­á‰±áŠ«áŠ“áˆ›áŠ áˆˆáˆ

Call it out when you see it:
âŒAbuse
âŒCatcalling
âŒSexist jokes
âŒUnwelcome behaviour
âŒInappropriate sexual comments
Sexual harassment is never okay.

#16Days #orangetheworld via UN Women",short,has_image,no_link,am,Morning,0
392,"á‰ á‹“áˆˆáˆ á‹™áˆªá‹« áŠ¨3 áˆ´á‰¶á‰½ áˆ˜áŠ«áŠ¨áˆ 1 áˆ´á‰µ áˆ‹á‹­ áŠ áŠ«áˆ‹á‹Š á‹ˆá‹­áˆ á‹ˆáˆ²á‰£á‹Š áŒ¥á‰ƒá‰µ á‹­áˆá€áˆ›áˆá¡á¡

#YellowMvt #á‰¥áˆ­á‰±áŠ«áŠ“áˆ›áŠ áˆˆáˆ
#á‹¨áŠ¥áŠ©áˆáŠá‰µá‰µá‹áˆá‹µ #16á‰±á‰€áŠ“á‰µ

1 in 3 women worldwide have experienced physical or sexual violence.

#OrangeTheWorld #GenerationEquality #16Days",short,has_image,no_link,am,Morning,0
394,"á‹­áˆ…áŠ• á‹«á‹á‰ áŠ–áˆ¯áˆ?
á‹¨áˆ´á‰µ áˆáŒ… áŒáˆ­á‹›á‰µ á‰ áˆµá‹á‰µ áŠ¨áˆšáˆá€áˆá‰£á‰¸á‹ 30 áŠ áŒˆáˆ®á‰½ 28á‰± á‹¨áŠ ááˆªá‰ƒ áŠ áŒˆáˆ«á‰µ áˆ²áˆ†áŠ‘ á‰ áˆáˆ¥áˆ«á‰… áŠ ááˆªá‰ƒá¤ áŠ¤áˆ­á‰µáˆ«á£ áŠ¢á‰µá‹®áŒµá‹«á£ áŠ¬áŠ•á‹«á£ á‰³áŠ•á‹›áŠ’á‹« áŠ¥áŠ“ áŠ¡áŒ‹áŠ•á‹³ á‹‹áŠ“ áˆáˆ³áˆŒá‹á‰½ áŠ“á‰¸á‹á¡á¡
#á‰¥áˆ­á‰±áŠ«áŠ“áˆ›áŠ áˆˆáˆ
#á‹¨áŠ¥áŠ©áˆáŠá‰µá‰µá‹áˆá‹µ
#16á‰±á‰€áŠ“á‰µ

Did you know that of the 30 countries where FGM is most prevalent, 28 are in Africa, including Eritrea, Ethiopia, Kenya, Tanzania and Uganda in East and Southern Africa?
#iStand4HerRights #YellowMvt #OrangeTheWorld #GenerationEquality",medium,has_image,no_link,am,Morning,0
397,"á‹¨2008 á‹¨áˆ…á‹á‰¥ áŠ¥áŠ“ áŒ¤áŠ“ áŒ¥áŠ“á‰µ áŠ¥áŠ•á‹°áˆšá‹«áˆ³á‹¨á‹ á‰ áŠ¢á‰µá‹®áŒµá‹« 23% á‹¨áˆšáˆ†áŠ‘á‰µ áˆ´á‰¶á‰½ áŠ áŠ«áˆ‹á‹Š áŒ¥á‰ƒá‰µá£ 10% á‹°áŒáˆ á‹ˆáˆ²á‰£á‹Š áŒ¥á‰ƒá‰µ á‹°áˆ­áˆ¶á‰£á‰¸á‹‹áˆá¡á¡ á‰  áŠ®á‰ªá‹µ19 á‹ˆá‰…á‰µáˆ á‰ áˆ´á‰¶á‰½ áŠ¥áŠ“ áˆ…áŒ»áŠ“á‰µ áˆ‹á‹­ á‹¨áˆšáˆáŒ¸áˆ™ áŒ¥á‰ƒá‰¶á‰½ áˆˆáˆšá‹°áˆ­áˆµá‰£á‰¸á‹ áˆáˆ‰ áŠáƒ á‹¨áˆµáˆáŠ­ áˆ˜áˆµáˆ˜áˆ­ áŠ áŒˆáˆáŒáˆá‰µ á‰°á‹°áˆ«áˆ½ áˆ˜áˆ†áŠ‘áŠ• áˆ›áˆ¨áŒ‹áŒˆáŒ¥ áŠ áˆˆá‰¥áŠ•á¡á¡ á‰ áŠ¥áˆ­áˆµá‹ á‹ˆá‹­áˆ á‰ áˆšá‹«á‹á‰á‰µ áˆ°á‹ áˆ‹á‹­ áŒ¥á‰ƒá‰µ áŠ¨á‰°áˆáŒ¸áˆ˜ á‹¨áˆáŠ­áˆ­ áŠ áŒˆáˆáŒáˆá‰µáŠ“ á‹µáŒ‹á áˆˆáˆ›áŒáŠ˜á‰µ á‰ áŠáƒ áˆµáˆáŠ­ áˆ˜áˆµáˆ˜áˆ­ 8044 áŠ¥áŠ“ 6388 á‹­á‹°á‹áˆ‰!

UN Women Mariestopes international ethiopia Setaweet

#YellowMvt #GenerationEquality
#OrangeTheWorld #16Days
#á‰¥áˆ­á‰±áŠ«áŠ“áˆ›áŠ áˆˆáˆ #16á‰±á‰€áŠ“á‰µ",medium,has_image,no_link,am,Morning,0
412,"á–áˆŠáˆ² áŠ á‰€áˆ«áˆ¨á… á‰ áˆµáˆ­á‹“á‰°á†á‰³ áŠ á‹­áŠ•

á‰ áˆ€áŒˆáˆ«á‰½áŠ• á‹¨á–áˆŠáˆ² á‰€áˆ¨áŒ» áˆ‚á‹°á‰¶á‰½ áŠ¨áˆµáˆ­áŠ á‰° áŒ¾á‰³ áŠ áŠ•áŒ»áˆ­ á‹¨á‰°á‰ƒáŠ™ áˆ˜áˆ†áŠ“á‰¸á‹ áˆ€áŒˆáˆ«á‰½áŠ• á‹¨áŒ¾á‰³ áŠ¥áŠ©áˆáŠá‰µ á‹¨áˆ°áˆáŠá‰£á‰µ áˆˆáˆ›á‹µáˆ¨áŒ á‹¨áˆšá‹°áˆ¨áŒˆá‹áŠ• áŠ¥áŠ•á‰…áˆµá‰ƒáˆ´ á‰ áŠ¥áŒ…áŒ‰ á‹¨áˆšá‹«áŒá‹ áŠá‹á¢ á‰ á‰°áŒ¨áˆ›áˆªáˆ á‹¨á–áˆŠáˆ²á‹á‰¹ á‹áŒ¤á‰³áˆ›áŠá‰µáŠ•áˆ áŠ¥áŒ…áŒ á‹«áŒá‹›áˆá£ áŠ¨áŒáˆ›áˆ½ á‰ áˆ‹á‹­ á‹¨áˆ†áŠáŠ• á‹¨áˆ›áˆ…á‰ áˆ¨áˆ°á‰¥ áŠ­ááˆ á‹«áŒˆáˆˆáˆˆ áˆ€áŒˆáˆ«á‹Š á–áˆŠáˆ² áˆáˆ‰áŠ•áˆ á‹¨áˆ›áˆ…á‰ áˆ¨áˆ°á‰¥ áŠ­ááˆ á‰°áŒ á‰ƒáˆš áˆŠá‹«á‹°áˆ­áŒ áˆµáˆˆáˆ›á‹­á‰½áˆá¢
á‹¨á‰€áˆ¨áŒ» á‰¡á‹µáŠ• áŠ á‰£áˆ‹á‰µáˆ áˆáˆ‰áŠ•áˆ á‹¨áˆ›áˆ…á‰ áˆ¨áˆ°á‰¥ áŠ­ááˆ á‹¨áˆšá‹ˆáŠ­áˆ‰ áˆ˜áˆ†áŠ• áŠ áˆˆá‰£á‰¸á‹á¢ á‹áŠ­áˆáŠ“ á‹¨áŠ¥á‹«áŠ•á‹³áŠ•á‹±áŠ• áˆ›áˆ…á‰ áˆ¨áˆ°á‰¥ áŠ­ááˆ ááˆ‹áŒá‰µá£ áŒ¥á‹«á‰„á£ áŠ áˆµá‰°á‹«á‹¨á‰µá£ áŠ áˆ¨á‹³á‹µá£ áŠ áˆµá‰°á‹‹áŒ¾á£ á–áˆŠáˆ²á‹ áŠ¨áˆšá‹³áˆµáˆ°á‹ áŒ‰á‹³á‹­ á‹«áˆ‹á‰¸á‹‰ áˆ˜áˆµá‰°áŒ‹á‰¥áˆ­ áŠ¥áŠ•á‹³áŠ«á‰°á‰° á‹¨áˆáŠ“áˆ¨áŒ‹áŒáŒ¥á‰ á‰µ áˆ˜áŠ•áŒˆá‹µ áŠá‹á¢
á–áˆŠáˆ²á‹á‰½ á‹¨á‰°á‹ˆáˆ³áˆ°á‰¡ áˆ˜áˆ†áŠ• á‹¨áˆˆá‰£á‰¸á‹áˆ áˆµáˆˆáˆšá‹³áˆµáˆ±á‰µ áŒ‰á‹³á‹­ á‰€áŒ¥á‰°áŠ› áŠ¥áŠ“ áŒáˆáŒ½ áˆ˜áˆ†áŠ• áŠ áˆˆá‰£á‰¸á‹á¢
áˆ›áŠ•áŠ›á‹áˆ á–áˆŠáˆ² á‰€áˆ¨áŒ» áˆ‚á‹°á‰µ áŠ¨áˆ˜áŠáˆ»á‹ áŠ¥áˆµáŠ¨ááŒ»áˆœá‹ áˆµáˆ­áŠ á‰° áŒ¾á‰³áŠ• á‹«áˆ›áŠ¨áˆˆ áŠ¥áŠ“ áˆáˆ‹áˆ½ á‹¨áˆšáˆ°áŒ¥ áˆ˜áˆ†áŠ• áŠ áˆˆá‰ á‰µá¢ á–áˆŠáˆ²á‹ áŠ¥áŠ“ á‹¨á‰€áˆ¨áŒ»á‹ áˆ‚á‹°á‰µ á‹¨áˆ´á‰¶á‰½áŠ• á‰½áŒáˆ®á‰½á£ áŒ¥á‹«á‰„á‹á‰½á£ áŠ¥á‹áŠá‰³á‹á‰½ áŠ¥á‹‰á‰…áŠ“ áŠ¥áŠ“ áˆáˆ‹áˆ½ á‹¨áˆšáˆ°áŒ¡ áˆ˜áˆ†áŠ• áŠ áˆˆá‰£á‰¸á‹á¢
áˆŒáˆ‹á‹ á‰ áˆ€áŒˆáˆ«á‰½áŠ• á‹¨á–áˆŠáˆ²áˆ áˆ†áŠ á‹¨áˆŒáˆá‰½ áˆ°áŠá‹¶á‰½ á‹áŒáŒ…á‰µ áˆ‹á‹­ á‹¨áˆšáˆµá‰°á‹‹áˆˆá‹ á‰½áŒáˆ­ á‹¨áˆ´á‰¶á‰½áŠ• áŒ¥á‹«á‰„á‹á‰½ á‰ áŠ áŠ•á‹µ áŠ­ááˆ áŠ¨áˆ…áŒ»áŠ“á‰µ áŠ¥áŠ“ á‹ˆáŒ£á‰¶á‰½ áŒ¥á‹«á‰„ áŒ‹áˆ­ á‹°á‰£áˆá‰† áˆˆáˆ˜áˆ˜áˆˆáˆµ áˆ˜áˆáŠ¨áˆ­ áŠá‹á¢ á‹­áˆ…áˆ áˆ´á‰¶á‰½ á‰ áˆ´á‰µáŠá‰³á‰¸á‹ á‹«áˆ‹á‰¸á‹áŠ• á‹¨á‰°áˆˆá‹© áˆáŠ”á‰³á‹á‰½ áŠ¨áŒáŠ•á‹›á‰¤ áˆ³á‹«áˆµáŒˆá‰£ áˆ´á‰¶á‰½áŠ“ áˆ…áƒáŠ“á‰µ áŠ áŠ•á‹µ áŠ á‹­áŠá‰µ á‰°áŒá‹³áˆ®á‰¶á‰½ áŠ¥áŠ•á‹³áˆˆá‰£á‰¸á‹ áˆµáˆˆáˆšá‹«áˆµá‰¥ á‰ á‰µáŠ­áŠ­áˆ á‰½áŒáˆ®á‰½áŠ• áˆ˜áá‰³á‰µ áŠ á‹­á‰½áˆáˆ:: á‹ˆáŒ£á‰¶á‰½áˆ áˆ´á‰¶á‰½áˆ á‹ˆáŠ•á‹¶á‰½áˆ áŠ¥áŠ•á‹°áˆ˜áˆ†áŠ“á‰¸á‹ á‹¨áŒ‹áˆ« ááˆ‹áŒá‰¶á‰½ áŠ¥áŠ•á‹° á‹ˆáŒ£á‰µ á‰¢áŠ–áˆ«á‰¸á‹áˆ áˆ´á‰µ á‹ˆáŒ£á‰¶á‰½áŠ• áˆˆá‰¥á‰» áˆˆá‹­á‰¶ áˆ˜á‰³á‹¨á‰µ áŠ áˆˆá‰ á‰µ:: á‰ á‰°áˆ˜áˆ³áˆ³á‹­ á‹¨áˆ…áƒáŠ“á‰µáŠ• áŒ‰á‹³á‹­ áˆˆá‹­á‰¶ áˆ²á‰³á‹­ áˆ…áƒáŠ“á‰µ áˆ´á‰¶á‰½ á‹«áˆ‰á‰£á‰¸á‹áŠ• á‹¨á‰°áˆˆá‹¨ áˆáŠ”á‰³ á‰ á–áˆŠáˆ² á‰°áˆˆá‹­á‰¶ áˆ˜á‰³á‹¨á‰µ áŠ áˆˆá‰ á‰µ:: á‹¨áˆ´á‰¶á‰½áŠ• áŠ¥áŠ©áˆáŠá‰µ áŠ¥áŠ“ á‰°áŠ«á‰³á‰½áŠá‰µ á‰ á–áˆŠáˆ²á‹á‰½ áˆˆáˆ›áˆ¨áŒ‹áŒˆáŒ¥ á‹¨áˆ´á‰¶á‰½áŠ• áŒ‰á‹³á‹­ áˆ°á‹ áŠ¥áŠ“ áŒ áˆˆá‰… á‰¥áˆ á‰ á‹«áˆ‰á‰ á‰µ áˆáŠ”á‰³ áŠ¨á‹ááˆ áˆ›á‹¨á‰µáŠ“ áˆ´á‰¶á‰½áŠ• á‰ áŠ áŠ•á‹µ áŒ¥á‰…áˆ áŠ áˆˆáˆ›á‹¨á‰µ á‹­áŒ á‹­á‰ƒáˆ:: áŠ¨á‹šáˆ…áˆ á‰ á‰°áŒ¨áˆ›áˆª á‰ áˆáˆ‰áˆ á–áˆŠáˆ² áŒ‰á‹³á‹®á‰½ áŠ¨áˆµáˆ­á‹“á‰° á†á‰³ áŠ¥áŠ“ áŠ¨áŠ¥áŠ©áˆáŠá‰µ áŠ áŠ•áƒáˆ­ áŠ¥á‹­á‰³ áˆŠáŠ–áˆ­ á‹­áŒˆá‰£áˆ::
á‹¨á‰€áˆ¨áŒ» áˆ‚á‹°á‰±áˆ á‰£áˆˆá‹µáˆ­áˆ» áŠ áŠ«áˆ‹á‰µáŠ• á‰£áˆˆáˆ™á‹«á‹á‰½áŠ• á‹«áˆ³á‰°áˆ áˆ˜áˆ†áŠ• áŠ áˆˆá‰ á‰µá¢

#PagumeActivism
#YellowMvt",long,has_image,no_link,am,Noon,0
413,"á‹«á‹°áŒáŠ•á‰ á‰µ áŠ¥áŠ“ á‹¨áˆáŠ•áŠ–áˆ­á‰ á‰µ áˆ›áˆ…á‰ áˆ¨áˆ°á‰¥ áˆ´á‰µáŠá‰µáŠ• á‰ á‰°áˆˆá‹«á‹¨ áˆ˜áˆáŠ© áŠá‹ á‹¨áˆšáˆ¨á‹³á‹á¢ áˆ´á‰µáŠá‰µ áˆ‹áŠ•á‰º áˆáŠ•á‹µáŠ• áŠá‹? áŠ¥áŠ•á‹´á‰µ áŠ áˆ­áŒˆáˆ½ áŠá‹ á‹¨áˆá‰µáˆ¨áŒ…á‹? áŠ¨áˆŒáˆá‰½ áˆ›áŠ•áŠá‰¶á‰½áˆ½ áŒ‹áˆ­ á‹«áˆˆá‹ áˆ˜áˆµá‰°áŒ‹á‰¥áˆ­ áŠ¥áŠ•á‹´á‰µ áŠá‹?
#PagumeActivism
#YellowMvt",short,has_image,no_link,am,Eve,1
415,"áŒ“áˆ áŠ£áŠáˆµá‰°á‹­á‰²

áŠ£á‰¥ áˆ›áˆ•á‰ áˆ¨áˆ°á‰¥áŠ“ á‹áˆ½áŒ¢ á‰¥á‹˜áˆ á‹á‰°á‹›á‰¥á‹ áŠ“á‹­áˆµáˆ­á‹“á‰° á†á‰³ áŠ£áˆ˜áˆˆáŠ»áŠ½á‰³ áŒ“áˆ áŠ£áŠáˆµá‰°á‹­á‰² áŠ¨áˆá‹š áŠ¥á‹© áŠ¨áˆá‹š áŠ£á‹­áŠ®áŠáŠ• áŠ¥áŠ“á‰°á‰¥áˆƒáˆˆ á‰°á‰°áˆ­áŒ’áˆ™ áŠ¥á‹©á¢ áŒ“áˆ áŠ£áŠáˆµá‰°á‹­á‰² áˆµáˆˆá‹áŠ¾áŠá‰µ áŒ¥áˆ«áˆ• á‹‹áˆ‹ á‰°á‹˜á‹­á‹°áˆˆá‹¨á‰µ áŠ•áŠ½á‰µáŒˆá‰¥áˆ® á‰¥á‹™áˆ• á‰µá…á‰¢á‰µ á‹­áŒá‰ áˆ¨áˆ‹ áŒ“áˆ áŠ£áŠáˆµá‰°á‹­á‰² áˆµáˆˆá‹áŠ¾áŠá‰µ áŒ¥áˆ«áˆ• áŠ•áŠ½á‰µáŒˆá‰¥áˆ®áŠ• áŠ¥á‰µá‹°áˆŠ áŠáŒˆáˆ­ á‰µáŠ¹áŠáŠáˆáˆ áŠáŒˆáˆ«á‰µ á‰¥á‹™áˆ“á‰µ áŠ¥á‹®áˆ áŠ¥á‹šáŠ¦áˆ áˆ›áˆ•á‰ áˆ¨áˆ°á‰¥áŠ“ áŠ•áŒ“áˆáŠ£áŠáˆµá‰°á‹­á‰² á‹˜á‰áˆ˜áŒ¦áˆ áŒˆá‹°á‰£á‰µ á‰¥á‹™áˆ“á‰µ á‹°á‰‚áŠ£áŠáˆµá‰µá‹® áŠ¨áˆáˆ“áŠ•á‰² á‹áˆá‰€áˆ°á‰¥ áŠ«á‰¥á‹áŠá‰ áˆ¨áŠ• áˆ•áˆáˆá‰³á‰µ áŠ£á‰•áˆ­á‹­á‹ˆáŠ• áŠ¥á‹© áŠ¨áˆáŠ£á‰°áˆ¨áŒ“áŒ‰áˆáŠ¡ á‹á‰°á‰áˆ˜áŒ¡ áˆ¨á‰›áˆ’á‰³á‰µ áŠ•áˆáˆáˆ‹áŠ¥ á‰¥á‹™áˆ• áˆ˜áˆµá‹‹áŠ¥á‰² áŠ£áŠ½áŠáˆ‰ áŠ¥á‹© á¤áŠ£á‰¥ áˆ›áˆ•á‰ áˆ¨áˆ°á‰¥áŠ“ á‰°á‰á‰£áˆáŠá‰µ áŠ«á‰¥á‹˜áˆˆá‹ áŠ“á‹­áŒ“áˆáŠ£áŠáˆµá‰°á‹­á‰² á‰µáˆ­áŒ‰áˆ á‹á‹ˆáá‹ˆá‹­áŠ¨á‹“ áŠ¨áˆ›áˆáŠ¡ á‹˜á‹­áŠ¨áŠ£áˆ‹ áŠ«á‰¥ áŒ“áˆ áŠ£áŠáˆµá‰°á‹­á‰² áŠ•áŠ½á‰µáˆ•á‰³ áŒˆá‹­áˆ© áŠ¥á‹© áŠ£á‰¥ áŠ“á‹­ áˆáˆ˜á‹“áŠ•á‰² áˆá‹­á‹­áŒ¥áŠ“ á‰¥á‹›á‹•á‰£ áŒ“áˆ áŠ£áŠáˆµá‰°á‹­á‰² áŠ­áŠá‹áŒá‹• áŠ¢áŠ“

áŒ“áˆ‹áŠáˆµá‰°á‹­á‰² áˆá‹ƒáŠ• áŠ•á‹“áŠº áŠ¥áŠ•á‰³á‹­ áŠ¥á‹©?

áˆ›áˆ•á‰ áˆ¨áˆ°á‰¥áŠ“ áŠ•áŒ“áˆ‹áŠáˆµá‰°á‹­á‰² áˆ˜áˆˆáŠ­á‹’ áŒˆá‹­áˆ© á‹áˆ˜á‹°á‰¦áˆ áˆ¨á‰›áˆ’á‰³á‰µ á‰¥áˆƒá‹° áŒáŠ‘ áŒ“áˆáŠ£áŠáˆµá‰°á‹­á‰² áŠá‰² áˆ›áˆ•á‰ áˆ¨áˆ°á‰¥ áŒ¥á‰•áˆš áŠ­á‰µáˆ…á‰¥ á‰¥á‹˜áŠ½áŠ¥áˆ áˆ˜áˆáŠ­á‹‘ áŒ¥áˆ«áˆ• áŠ£á…á‰¢á‰¥á‹‹ áŠ¥á‹© á‰¥áŠ»áˆ‹ áˆ˜áˆáŠ­á‹‘ á‹µáˆ› áˆ›áˆ…á‰ áˆ¨áˆ°á‰£á‰½áŠ• áˆ´á‰µáŠá‰µáŠ• áˆ˜áˆˆáŠ­á‹« áˆ˜áˆµáˆáˆ­á‰µ áŒ“áˆ‹áŠáˆµá‰°á‹­á‰² áŠ­á‰µáŠ®áŠ–áˆ á‰µáŠ½áŠ¥áˆ áŠáŒˆáˆ«á‰µáŠ• áŠ¥á‰µá‹°áˆá‹®áˆ áŠáŒˆáˆ«á‰µáŠ• áŠ•áŠ¸á‹­á‰µáŠ¸á‹áŠ• á‰¥áˆáŠ¹áŠ“áŠ• áŠ£áŠ½á‰¢á‹µá‹ áŠ¥á‹©á¢

áŠ£á‰¥ áˆ›áˆ•á‰ áˆ¨áˆ°á‰¥áŠ“ áŠ•áŒ“áˆáŠ£áŠáˆµá‰°á‹­á‰² áŠ«á‰¥ á‹áŒá‹µá‰¡ áˆ˜áˆˆáˆˆá‹­á‰³á‰µ áˆ“á‹°áˆ“á‹²áŠ¦áˆ áŒ“áˆáŠ£áŠáˆµá‰°á‹­á‰² á‰¥ áŠ£á‹¶áŠá‰µ áŒ¥áˆ«áˆ• áˆáˆ­áŠ£á‹­ á¥ áˆµá‰• áˆá‰£áˆ áŠ“á‹­á‰£á‹•áˆáŠ» á‹µáˆá‹¨á‰µ áŠ•áŠ«áˆáŠ¦á‰µ áˆáˆƒá‰¥ áŠ“á‹­áŒˆá‹› áˆµáˆ«áˆ•áˆáˆµáˆ«áˆ•áŠ• á‰†áˆá‹‘ áˆáŠ•áŠ­á‰¥áŠ»á‰¥áŠ• áŠ“á‹­á‹°á‰‚áŠ£áŠ•áˆµá‰µá‹® áˆ“áˆ‹ááŠá‰µ áŒŒáˆ­áŠ« áˆá‹áˆ³á‹µáŠ• áŠ«áˆáŠ¦á‰µáŠ• á‹­áˆ­áŠ¨á‰¥á‹áˆá¢
áŠ£á‰¥ áŠ“á‰µáŠª áŒ“áˆáŠ£áŠáˆµá‰°á‹­á‰² áˆá‹ƒáŠ• áŠ¨áˆá‹š áŠ¥á‹© áŠ¢áˆ‰áˆ›áˆ•á‰ áˆ¨áˆ°á‰¥áŠ“ áŠ«á‰¥á‹˜áˆáˆƒáˆ¨áŠª á‹˜á‹­á‰µáˆ°áˆ›áˆá‹•áˆáˆáŠ• áŠ•áˆµáŠ½áŠá‰µáŠª á‹áŒˆá‹°á‰¡áŠºáŠ• áŠ­á‰µá‰…á‹­áˆ­á‹®áˆ áŠ¥á‰µá‹°áˆŠ áŠáŒˆáˆ­ áŠ•áŒˆáˆ­áŠ“á¢

#PagumeActivism
#YellowMvt",long,has_image,no_link,am,Noon,0
416,"#PagumeActivism

Martha Tadesse
September 7, 2020 at 6:27 AM Â·

áˆµáˆˆáˆ´á‰µáŠá‰µ áˆµáŠ•á‰€áŒ¥áˆ...

áŠ áŠ•á‹µáŠ• áˆ´á‰µ ""áˆ´á‰µ"" á‹¨áˆšá‹«áˆµá‰¥áˆ‹á‰µ áˆáŠ•á‹µáŠá‹?
áˆ´á‰µáŠá‰µáŠ• á‹¨áˆšáˆ˜á‹áŠá‹ áˆ›áŠá‹? áˆ˜áˆµáˆáˆ­á‰±áˆµ áˆáŠ•á‹µáŠá‹? áˆ´á‰µáŠá‰µáŠ• áˆ›áˆ…á‰ áˆ¨áˆ°á‰¡/áŠ á‰£á‰³á‹Š áˆµáˆ­á‹“á‰± á‰£áˆµá‰€áˆ˜áŒ áˆ‹á‰¸á‹ áˆ›áŠ•áŠá‰µ áŠ áˆá‰€á‰ áˆáˆ áŠ«áˆ‰ á‹¨áˆƒáŒˆáˆ«á‰½áŠ• á‰³áˆªáŠ«á‹Š áˆ´á‰¶á‰½ áˆ˜áˆƒáˆ á‹¨á‰ƒá‰„ á‹ˆáˆ­á‹µá‹ˆá‰µ áŠ áŠ•á‹°áŠ›á‹‹ áŠ“á‰¸á‹::

á‰ áŠ áŠ«á‰£á‰¢á‹«á‰¸á‹ á‹¨áŠá‰ áˆ¨á‹áŠ• ""á‰€áŠ•á‰ áˆ­"" ""áŠ á‰ á‹›á‰½áˆá‰¥áŠ•"" á‰ áˆ›áˆˆá‰µ áŠ¥áˆµáŠ¨áˆ˜áŒ¨áˆ¨áˆ»á‹ á‹¨á‰³áŒˆáˆ‰ áŒˆáˆ«áˆš áˆ´á‰µ áŠ“á‰¸á‹:: ""á‹­áˆ„ áˆá‰…á‹°áˆ áˆá‰…á‹°áˆ á‰£á‹­áŠá‰µ á‹¨á‰µáˆ áŠ á‹«á‹°áˆ­áˆ³á‰µáˆ:: áŠ¨á‹ˆáŠ•á‹µ áŒ‹áˆ­ áˆˆáˆ˜áˆ½á‰€á‹³á‹°áˆ áˆ˜áˆáŠ¨áˆ­ á‹ˆá‹µá‰† áˆ˜áˆ°á‰£á‰ áˆ­ áŠ¥áŠ•áŒ‚ áˆŒáˆ‹ áˆˆá‹áŒ¥áŠ“ á‹áŒ¤á‰µ á‹¨áˆˆá‹áˆ:: áˆ´á‰µ áˆáŒ… áˆá‰§áˆá£ áŠ¥áŒáˆ¯áˆá£ áŠ áŠ•á‹°á‰ á‰·áˆ á‹ˆáŠ•á‹µáŠ• áŠá‹ áˆ˜áŠ¨á‰°áˆ á‹«áˆˆá‰ á‰µ...áŒ­áˆ«áˆ½ áŠ áŠ•á‰‚á‰µ á‰ áˆ· áŠ áŠ•á‹°á‰ á‰µ á‹­áŠ“á‰…?"" (P 40) á‰¥áˆˆá‹ á‰ áŠ•á‹´á‰µáŠ“ á‰¥áˆµáŒ­á‰µ á‹¨á‰°á‹ˆá‹«á‹©á‰£á‰¸á‹ áˆ´á‰µ áŠ“á‰¸á‹::

á‹¨á‰ƒá‰„ á‹ˆáˆ­á‹µá‹ˆá‰µ áˆ«áˆ³á‰¸á‹ á‹­áŒˆá‰£áŠ›áˆ á‰£áˆ‰á‰ á‰µ áˆ˜áŠ•áŒˆá‹µ áˆ´á‰µáŠá‰µáŠ• á‹¨áŠ–áˆ© áŠ“á‰¸á‹:: áˆ˜áˆµáˆáˆ­á‰³á‰¸á‹áˆ á‹¨áŠ áŠ•á‰‚á‰µ áˆ…áŒ á‹«áˆµá‰€áˆ˜áŒ áˆ‹á‰¸á‹ áˆ³á‹­áˆ†áŠ• á‰ƒá‰„ áˆˆáˆ«áˆ³á‰¸á‹ á‹«áˆ˜áŠ‘á‰ á‰µ áŠá‹::

á‹¨áŠ¥áŠ•á‹³áˆˆáŒŒá‰³ áŠ¨á‰ á‹° ""áŠ¥áˆá‰¢á‰³"" áˆ‹á‹­ áˆµáˆˆá‹¨á‰ƒá‰„ á‹ˆáˆ­á‹µá‹ˆá‰µ á‰ á‹°áŠ•á‰¥ áˆ›áŠ•á‰ á‰¥ á‰µá‰½áˆ‹áˆ‹á‰½áˆ:: á‰ 1870á‹á‰¹ áˆ‹á‹­ á‹¨áŠá‰ áˆ¨ á‰³áˆªáŠ­ áŠá‹:: #PagumeActivism",long,no_image,no_link,am,Noon,0
417,"áˆµáˆˆáˆ´á‰µáŠá‰µ áˆµáŠ•á‰€áŒ¥áˆ...

áŠ áŠ•á‹µáŠ• áˆ´á‰µ ""áˆ´á‰µ"" á‹¨áˆšá‹«áˆµá‰¥áˆ‹á‰µ áˆáŠ•á‹µáŠá‹?
áˆ´á‰µáŠá‰µáŠ• á‹¨áˆšáˆ˜á‹áŠá‹ áˆ›áŠá‹? áˆ˜áˆµáˆáˆ­á‰±áˆµ áˆáŠ•á‹µáŠá‹? áˆ´á‰µáŠá‰µáŠ• áˆ›áˆ…á‰ áˆ¨áˆ°á‰¡/áŠ á‰£á‰³á‹Š áˆµáˆ­á‹“á‰± á‰£áˆµá‰€áˆ˜áŒ áˆ‹á‰¸á‹ áˆ›áŠ•áŠá‰µ áŠ áˆá‰€á‰ áˆáˆ áŠ«áˆ‰ á‹¨áˆƒáŒˆáˆ«á‰½áŠ• á‰³áˆªáŠ«á‹Š áˆ´á‰¶á‰½ áˆ˜áˆƒáˆ á‹¨á‰ƒá‰„ á‹ˆáˆ­á‹µá‹ˆá‰µ áŠ áŠ•á‹°áŠ›á‹‹ áŠ“á‰¸á‹::

á‰ áŠ áŠ«á‰£á‰¢á‹«á‰¸á‹ á‹¨áŠá‰ áˆ¨á‹áŠ• ""á‰€áŠ•á‰ áˆ­"" ""áŠ á‰ á‹›á‰½áˆá‰¥áŠ•"" á‰ áˆ›áˆˆá‰µ áŠ¥áˆµáŠ¨áˆ˜áŒ¨áˆ¨áˆ»á‹ á‹¨á‰³áŒˆáˆ‰ áŒˆáˆ«áˆš áˆ´á‰µ áŠ“á‰¸á‹:: ""á‹­áˆ„ áˆá‰…á‹°áˆ áˆá‰…á‹°áˆ á‰£á‹­áŠá‰µ á‹¨á‰µáˆ áŠ á‹«á‹°áˆ­áˆ³á‰µáˆ:: áŠ¨á‹ˆáŠ•á‹µ áŒ‹áˆ­ áˆˆáˆ˜áˆ½á‰€á‹³á‹°áˆ áˆ˜áˆáŠ¨áˆ­ á‹ˆá‹µá‰† áˆ˜áˆ°á‰£á‰ áˆ­ áŠ¥áŠ•áŒ‚ áˆŒáˆ‹ áˆˆá‹áŒ¥áŠ“ á‹áŒ¤á‰µ á‹¨áˆˆá‹áˆ:: áˆ´á‰µ áˆáŒ… áˆá‰§áˆá£ áŠ¥áŒáˆ¯áˆá£ áŠ áŠ•á‹°á‰ á‰·áˆ á‹ˆáŠ•á‹µáŠ• áŠá‹ áˆ˜áŠ¨á‰°áˆ á‹«áˆˆá‰ á‰µ...áŒ­áˆ«áˆ½ áŠ áŠ•á‰‚á‰µ á‰ áˆ· áŠ áŠ•á‹°á‰ á‰µ á‹­áŠ“á‰…?"" (P 40) á‰¥áˆˆá‹ á‰ áŠ•á‹´á‰µáŠ“ á‰¥áˆµáŒ­á‰µ á‹¨á‰°á‹ˆá‹«á‹©á‰£á‰¸á‹ áˆ´á‰µ áŠ“á‰¸á‹::

á‹¨á‰ƒá‰„ á‹ˆáˆ­á‹µá‹ˆá‰µ áˆ«áˆ³á‰¸á‹ á‹­áŒˆá‰£áŠ›áˆ á‰£áˆ‰á‰ á‰µ áˆ˜áŠ•áŒˆá‹µ áˆ´á‰µáŠá‰µáŠ• á‹¨áŠ–áˆ© áŠ“á‰¸á‹:: áˆ˜áˆµáˆáˆ­á‰³á‰¸á‹áˆ á‹¨áŠ áŠ•á‰‚á‰µ áˆ…áŒ á‹«áˆµá‰€áˆ˜áŒ áˆ‹á‰¸á‹ áˆ³á‹­áˆ†áŠ• á‰ƒá‰„ áˆˆáˆ«áˆ³á‰¸á‹ á‹«áˆ˜áŠ‘á‰ á‰µ áŠá‹::

á‹¨áŠ¥áŠ•á‹³áˆˆáŒŒá‰³ áŠ¨á‰ á‹° ""áŠ¥áˆá‰¢á‰³"" áˆ‹á‹­ áˆµáˆˆá‹¨á‰ƒá‰„ á‹ˆáˆ­á‹µá‹ˆá‰µ á‰ á‹°áŠ•á‰¥ áˆ›áŠ•á‰ á‰¥ á‰µá‰½áˆ‹áˆ‹á‰½áˆ:: á‰ 1870á‹á‰¹ áˆ‹á‹­ á‹¨áŠá‰ áˆ¨ á‰³áˆªáŠ­ áŠá‹:: #PagumeActivism",long,no_image,no_link,am,Early Morning,0
418,"-áˆ´á‰µáŠá‰µ-

á‰ áˆ›áˆ…á‰ áˆ¨áˆ°á‰£á‰½ á‹‰áˆµáŒ¥ á‰£áˆˆ á‹¨á‰°á‹›á‰£ á‹¨áˆµáˆ­áŠ á‰° á†á‰³ áŠ áˆ˜áˆˆáŠ«áŠ¨á‰µ áˆ´á‰µáŠá‰µ áŠ¥áŠ•á‹²áˆ… áŠá‹‰ áˆ´á‰µáŠá‰µ áŠ¥áŠ•á‹²áˆ… áŠ á‹­á‹°áˆˆáˆ áŠ¥á‹¨á‰°á‰£áˆˆ á‰°á‰°áˆ­áŒ‰áˆŸáˆá¢ áˆ´á‰µ áˆµáˆˆáˆ†áŠá‰½ á‰¥á‰» á‰£á‰µáˆáˆáŒáˆ áŠ¥áŠ•á‹µá‰³á‹°áˆ­áŒ á‹¨áˆšáŒ á‰ á‰…á‰£á‰µ á‰¥á‹™ áŠá‹‰á¡á¡ áˆ´á‰µ áˆµáˆˆáˆ†áŠá‰½ á‰¥á‰»áˆ á‰¥á‰µáˆáˆáŒáˆ áŠ¥áŠ•á‹³á‰³á‹°áˆ­áŒ á‹¨áˆá‰µá‹ˆáŒˆá‹á‰£á‰¸á‹‰ áŠáŒˆáˆ®á‰½ á‰¥á‹™ áŠ“á‰¸á‹‰á¡á¡ áŠ¥áŠá‹šáˆ… áˆ›áˆ…á‰ áˆ¨áˆ°á‰£á‰½áŠ• áˆˆáˆ´á‰µáŠá‰µ á‹«áˆµá‰€áˆ˜áŒ£á‰¸á‹‰ áŒˆá‹°á‰¦á‰½ á‰¥á‹™ áˆ´á‰¶á‰½áŠ• áŠ¥áŠ•á‹° áŠ¥áŠ•á‹²á‰µ áŒáˆˆáˆ°á‰¥ áŠ¨áŠá‰ áˆ«á‰¸á‹‰ áˆ…áˆáˆ áŠ áˆµá‰€áˆ­á‰·áˆá¤ áŠ¥áŠ•á‹°áŠ á‰°áˆ¨áŒ“áŒáˆ™ á‹¨á‰°á‰€áˆ˜áŒ¡ áˆ˜áˆµáˆáˆ­á‰¶á‰½áŠ• áˆˆáˆ›áˆŸáˆ‹á‰µ á‰¥á‹™ áˆ˜áˆµá‹‹á‰µáŠá‰¶á‰½áŠ• áŠ áˆµáŠ¨ááˆáˆá¤ á‰ áˆ›áˆ…á‰ áˆ¨áˆ°á‰£á‰½áŠ• á‰°á‰€á‰£á‹­áŠá‰µ áŠ«áˆˆá‹‰ á‹¨áˆ´á‰µáŠá‰µ á‰µáˆ­áŒ“áˆœ á‹«áˆáŠáŒˆáŒ¡áŠ• á‹ˆá‹­áˆ áˆ›áˆŸáˆ‹á‰µ á‹«áˆá‰»áˆ‰áŠ• áŠ¨áˆ´á‰µáŠá‰µ áŠ¥áŠ•á‹³áŠáˆ± áŠ¥áŠ•á‹²áˆ°áˆ›á‰¸á‹‰ á‰°á‹°áˆ­áŒˆá‹‹áˆá¡á¡ á‰ á‹›áˆ¬á‹‰ á‹‰á‹­á‹­á‰³á‰½áŠ• áˆµáˆˆ áˆ´á‰µáŠá‰µ áŠ¥áŠ“á‹ˆáˆ«áˆˆáŠ•á¡á¡

áˆ´á‰µáŠá‰µ áˆ‹áŠ•á‰º áˆáŠ•á‹µáŠá‹‰?

áˆ›áˆ…á‰ áˆ¨áˆ°á‰£á‰½áŠ• áˆ´á‰µáŠá‰µáŠ• áˆ˜áˆˆáŠ­á‹« áˆ˜áˆµáˆáˆ­á‰µ áŠ¥á‹µáˆ­áŒ á‹«áˆµá‰€áˆ˜áŒ£á‰¸á‹‰ áˆ˜áˆˆá‹«á‹á‰½ á‰ áŠ áŠ•á‹µ á‰ áŠ©áˆ áˆ´á‰µáŠá‰µáŠ• áˆˆáˆ›áˆ…á‰ áˆ¨áˆ°á‰¥ áŒ¥á‰…áˆ áŠ¥áŠ•á‹µá‰µáˆ°áŒ¥ á‰ áˆšá‹«áˆ˜á‰½ áˆ˜áˆáŠ© á‰¥á‰» áŠ áŒ¥á‰¥á‰¦á‰³áˆ á‰ áˆŒáˆ‹ á‰ áŠ©áˆ áˆ´á‰µ áˆáŒ… áˆá‰µáˆ†áŠ“á‰¸á‹‰ áˆá‰µá‰½áˆ‹á‰¸á‹‰áŠ• áŠ¥áŠ“ áˆá‰µáˆáˆáŒ‹á‰¸á‹‰áŠ• á‰¥á‹™ áŠáŒˆáˆ®á‰½ áŠ¥áŠ•á‹³á‰µáˆ†áŠ• á‰ áˆ›á‹‰áŒˆá‹ áŠ áŠ­á‰¥á‹¶á‰³áˆá¡á¡
á‰ áˆ›áˆ…á‰ áˆ¨áˆ°á‰£á‰½áŠ• áˆ´á‰µáŠá‰µáŠ• áŠ¨áˆšáŒˆá‹µá‰¡ áˆ˜áˆˆá‹«á‹á‰½ áˆ˜áŠ«áŠ¨áˆ áˆ´á‰µáŠá‰µáŠ• á‰ áŠ¥áŠ“á‰µáŠá‰µ áˆáŠ­ á‰¥á‰» áŠ áŒ¥á‰¥á‰¦ áˆ›á‹¨á‰µá¤ á‹áˆ áˆ›áˆˆá‰µáŠ•á¡á¤ á‹¨áˆ«áˆµáŠ• ááˆ‹áŒá‰µ áˆˆáˆŒáˆá‰½ áˆ›áˆµá‰€á‹°áˆáŠ•á¤ á‹¨á‰¤á‰µ á‹‰áˆµáŒ¥ áˆµáˆ«áŠ• áŠ¥áŠ“ áˆáŒ†á‰½áŠ• áˆ˜áŠ•áŠ¨á‰£áŠ¨á‰¥áŠ• á‹¨áˆ´á‰¶á‰½ áˆ€áˆ‹áŠáŠá‰µ á‰¥á‰» áˆ›á‹µáˆ¨áŒâ€¦áŠ¥áŠ“ áˆŒáˆá‰½áˆ á‹­áŠ«á‰°á‰³áˆ‰á¡á¡ áŠ áŠ•á‰º áˆ´á‰µáŠá‰µ áŠ¥áŠ•á‹²áˆ… áŠá‹‰ á‰¥áˆ áˆ›áˆ…á‰ áˆ¨áˆ°á‰£á‰½áŠ• áŠ«áˆµá‰°áˆ›áˆ¨áˆ½ á‹¨áˆ›á‰µáˆµáˆ›áˆšá‰£á‰¸á‹‰áŠ• áŠ áŠ•á‰ºáŠá‰µáˆ½áŠ• á‹¨áŒˆá‹°á‰¡á‰¥áˆ½ áŠ¥áŠ“ áˆá‰µá‰€á‹­áˆªáŠ á‰¸á‹‰ á‹¨áˆá‰µáˆáˆáŒŠáŠ á‰¸á‹áŠ• áŠ•áŒˆáˆªáŠ•á¡á¡

#áˆ´á‰µáŠá‰µáˆˆáŠ”
#PagumeActivism
#YellowMvt",long,has_image,no_link,am,Noon,1
419,"We start our Pagume Activism today!
Just like the past three years during Pagume Activism 4.0 will discuss intensively about issues with regards to Gender in our country.

Aim?
Pretty simple, having conversations that matter to bring about Gender Equality.

Our Topics?
This year we have two topics, each for two days. This way we can discuss in depth of the topics;

Pagume 1 & 2 (Sep6&7) - Womanhood
Pagume 3 & 4 (Sep6&9) - Policy Making and Gender
And finally share our new year wishes on the last day.

á‹›áˆ¬ á‹¨áŒ·áŒ‰áˆœ áŠ•á‰…áŠ“á‰„áŠ• áŒ€áˆ˜áˆ­áŠ•!

áˆáŠ­ áŠ¥áŠ•á‹³áˆˆá‰á‰µ áˆ¶áˆµá‰µ á‹“áˆ˜á‰³á‰µ á‰ áŠ áˆ«á‰°áŠ›á‹ á‹™áˆ­ á‹¨ #áŒ·áŒ‰áˆœáŠ•á‰…áŠ“á‰„ á‰ áˆ€áŒˆáˆ«á‰½áŠ• áˆµáˆ‹áˆ‰ á‹¨áˆµáˆ­á‹“á‰°-á†á‰³ áŒ‰á‹³á‹®á‰½/á‰½áŒáˆ®á‰½ á‰ áŒ¥áˆá‰€á‰µ áŠ¥áŠ•á‹ˆá‹«á‹«áˆˆáŠ•

áŠ áˆ‹áˆ›á‹?
áŠ¥áŒ…áŒ á‰€áˆ‹áˆ áŠá‹á¤ á‰µáˆ­áŒ‰áˆ á‹«áˆ‹á‰¸á‹ á‹á‹­á‹­á‰¶á‰½áŠ• á‰ áˆ›á‹µáˆ¨áŒ á‹¨áˆáŠ•áˆáˆáŒˆá‹áŠ• áˆˆá‹áŒ¥ áˆ›áˆáŒ£á‰µá¢

áˆ­á‹•áˆ¶á‰»á‰½áŠ•?
á‰ á‹šáˆ… á‹“áˆ˜á‰µ áˆáˆˆá‰µ áˆ­á‹•áˆ°-áŒ‰á‹³á‹®á‰½ áŠ áˆ‰áŠ•á¢ á‰ áŒ¥áˆá‰€á‰µ áˆ˜á‹ˆá‹«á‹¨á‰µ áŠ¥áŠ•á‹µáŠ•á‰½áˆ áŠ áŠ•á‹µ áˆ­á‹•áˆµ áˆˆáˆáˆˆá‰µ á‰€áŠ“á‰µ á‹¨áˆšá‰†á‹­ á‹­áˆ†áŠ“áˆá¦

áŒ·áŒ‰áˆœ 1 áŠ¥áŠ“ 2 - áˆ´á‰µáŠá‰µ
áŒ·áŒ‰áˆœ 3 áŠ¥áŠ“ 4 - á–áˆŠáˆ² áŠ á‰€áˆ«áˆ¨á… á‰ áˆµáˆ­á‹“á‰°-á†á‰³ áŠ á‹­áŠ•
á‰ áˆ˜áŒ¨áˆ¨áˆ»áˆ (áŒ·áŒ‰áˆœ 5) áˆˆáˆ˜áŒªá‹ á‹“áˆ˜á‰µ áˆ˜áˆáŠ«áˆ áˆáŠá‰³á‰½áŠ•áŠ• áŠ¥áŠ•áŒˆáˆáƒáˆˆáŠ•

#PagumeActivism
#YellowMvt",long,has_image,no_link,am,Morning,0
423,"â€ªá‹­áˆ… áˆ˜áˆáˆªá‹« á‹¨áˆáŒ†á‰½áŠ• á‹ˆáˆ²á‰£á‹Š áŒ¥á‰ƒá‰µ áˆ˜áŠ¨áˆ‹áŠ¨á‹« áŠ¥áŠ“ áŒ¥á‰ƒá‰µ á‹¨á‹°áˆ¨áˆ°á‰£á‰¸á‹áŠ• áˆ˜áˆ­áŒƒ áŠ¥áŠ•á‹²áˆ†áŠ• á‰³áˆµá‰¦ á‹¨á‰°á‹˜áŒ‹áŒ€ áŠá‹!â€¬
â€ªThis guidebook is produced with the goal to teach families, caretakers, and teachers about child sexual abuse and ways of prevention and intervention.

To download this guide please use these links: â€¬
ğŸ‘‰ğŸ¾â€ªwebsite: www.kelela.orgâ€¬
â€ªğŸ‘‰ğŸ¾Telegram: â€ªhttps://t.me/kelelaguidesâ€¬
â€ª#kelela #áŠ¨áˆˆáˆ‹ â€¬
â€ª@kelelaguides
â€ª",medium,has_image,has_link,am,Morning,0
431,"â€œFor the sake of a perpetratorâ€™s momentary pleasure or spite, a survivor may live with anxiety for the rest of her life, knowing that her images are being disseminated online to countless strangers.â€

In 2019, AWARE's Sexual Assault Care Centre received 140 technology-facilitated sexual violence cases, out of a total of 777 cases (18%). This is the highest number of TFSV cases we've recorded in one year to date, and more than triple the number of such cases received in 2016 (47). It speaks to a upward trend in this type of sexual violence in Singapore.

Learn more at the link.

AWARE.ORG.SG
AWAREâ€™s Sexual Assault Care Centre saw 140 cases of technology-facilitated sexual violence in 2019, the most ever in one year",long,no_image,has_link,en,Morning,1
433,"Statement about Theodore Hopf sexual harassment case at NUS

We are happy to see NUS respond with alacrity to an anonymous complaint they received about sexual harassment. Although the university has come under a lot of flak recently for its handling of sexual harassment cases, its decisive action in the case of Prof. Ted Hopf is a clear indication that NUS is taking public feedback to heart.

We want to highlight three actions that hopefully signal a new approach at NUS:

1) NUS ensured that its decision to sack Prof. Hopf was communicated to students and the wider NUS community at the same time as the media. In the previous case regarding Jeremy Fernando, communications to the NUS community were not handled as well.

2) NUS made a police report after speaking to the survivor, and explained in its press statement that it was legally obliged to, under Section 424 of the Criminal Procedure Code.

3) NUS put interim measures into place while the investigations were being conductedâ€”Prof. Hopf was not allowed to contact any students during that period.

We are glad that the university prioritised student safety in this case and did not make any compromises in order to keep Ted Hopf in its employ. While it may be concerning that so many campus sexual harassment cases have emerged of late, we are also glad, at least, that survivors are proving more willing to come forward. It can be difficult and intimidating to file sexual harassment complaints against well-known, well-regarded men, such as Prof. Hopf (who was the top political scientist at NUS). We commend the bravery of those involved.",long,no_image,no_link,en,Early Morning,1
437,"""'They wanted me to stop with the accusations,' she recalls pensively. 'It didnâ€™t matter what I had actually gone throughâ€”they just wanted me to go away. It almost felt like I was the one who had done something wrong.'... [Yet] 'The minute I started speaking out about this in public, I cannot tell you the number of peopleâ€”including my own friendsâ€”who started telling me about their own experiences.'""

Ahead of her appearance on our #MeToo in Asia panel this Sunday, #AimForZeroSG spokesperson Dani appears in Vogue Singapore to share her story.

VOGUE.SG
#MeToo activist Dani Pereira on sexual violence in Singapore and the first edition of Awarefest",long,no_image,has_link,en,Early Morning,1
441,"Over the two years of our #AimForZeroSG campaign, we've asked people to pledge their commitment to ending sexual violence in Singapore. When they pledge, they have the option of writing a short message to sexual assault survivors. Here are a few messages.

Today is International Day for the Elimination of Violence Against Women. Thank you to everyone who has pledged, attended First Responder Training, or taken other steps to support the survivors in their lives.

(You can still pledge! https://aimforzero.sg/pledge)",medium,has_image,has_link,en,Morning,0
447,"AWARE is facilitating two ongoing research projects on technology-faciliated sexual violence in Singapore. Both projects are seeking respondents to interview about their experiences with such violence (including harassment, cyberbullying, digital voyeurism or other behaviours).

By taking part in these studies, you'll contribute to a climate of greater support and recourse for survivors. Learn more at the link.

AWARE.ORG.SG
Respondents needed for two studies on image-based sexual abuse and online harms in Singapore",medium,no_image,has_link,en,Morning,1
451,"""Regular, accessible workshops that cover a range of topics â€“ the psychology behind 'fight', 'flight', 'freeze' or 'fawn' responses, consent and setting boundaries, the existence and eradication of rape culture â€“ can help male and female students break down the issue of campus sexual harassment.""

How can we better understand and prevent sexual violence at universities? A commentary by a co-founder of Girl, Talk.

CHANNELNEWSASIA.COM
Commentary: The education I wished I had when a senior at university touched me",medium,no_image,has_link,en,Morning,0
457,"The Alamak! Awards are back!

While our AWARE Awards celebrate individuals and organisations that break the barriers of gender inequality each year, our annual Alamak! Awards have since 2011 been given out to those who have done the opposite - i.e. further entrenched sexist and patriarchal norms in Singapore.

These are the four Alamak! nominees for 2020... and we need you to help determine the winner by voting! The (un)lucky winner will be announced during our AWAREHouse Party on 28 November - but not before all four nominees are skewered in song by the wickedly funny musical satire group Chestnuts.

Get your vote in now! Visit bit.ly/32TbHju to make your pick.",long,has_image,has_link,en,Noon,0
463,"Take a look at this informative live chat hosted by Simply Unique; where they spoke with our very own founder Alia Whitney-Johnson over the weekend on the issue of Child Sexual Abuse, the work that Emerge does to support survivors in Sri Lanka and so much more. Thank you Simply Unique! #powerwomen #ChildAbuse #womensupportingwomen #livestreams

Simply Unique was live.
December 5 at 7:00 AM Â·

Thank you for taking the time to listen to our lovely ladies discuss #ChildRape in #SriLanka and the work done by Emerge Global",medium,no_image,no_link,en,Eve,0
469,"When women believe they can, thereâ€™s no stopping them.

Tune in live on the 21st of November as we join the Rotaract Club of Pearl Island for a discussion on Sexual Harassment and Abuse. Letâ€™s talk to empower our women to reach our potential.

#SHECAN
#RACPI
#Rotaract
#Rotaract3220
#WeAreRotaract
#WeArePearlIsland
#PinnacleOfPurpose
#StriveAsOne
#SriLanka",medium,has_image,no_link,en,Morning,0
473,"We are so excited for our amazing founder who will be speaking with the dynamic ladies at Simply Unique! Please mark your calendar for Saturday 5 December and learn about Alia's Emerge journey!

Simply Unique added a new photo to the album: SIMPLY ONLINE â€” with Alia Whitney-Johnson at Emerge Global.
November 5 at 11:30 AM Â·

Simply Online is pleased to announce our second Guest Speaker.

Alia Whitney-Johnson is an experienced social entrepreneur with fifteen years of experience working with children whoâ€™ve endured trauma, sexual abuse, and exploitation.

During the summer of 2005, at the age of 19, Alia arrived in Sri Lanka as a tsunami-relief volunteer. During this trip, she encountered a heartbreaking reality: Girls as young as 11 who had survived rape or incest and had the courage to stand up for themselves in court were often cast out of their own families and placed in protective shelters away from society where they had little access to education or support.

That summer, she launched Emerge (www.emergeglobal.org) as a way to connect the girls to critical life and business skills, healing resources, and a community of support. Since then, Emerge has gone on to serve over 1,100 powerful young women.

Alia is also the Co-Founder and Executive Director of Freedom Forward (www.Freedom-Forward.org), a non-profit that is working to prevent the commercial sexual exploitation of youth in San Francisco through systems change. Through this role, she served as the Co-Chair of San Franciscoâ€™s Youth Trafficking Committee for the Mayorâ€™s Task Force on Anti-Human Trafficking in 2017 and 2018, where she started the task forceâ€™s first Youth Advisory Board. She also helped form a collaborative of organizations to provide a full continuum of wrap-around services to youth who have or may experience commercial sexual exploitation.

Previously, Alia served as a consultant at McKinsey & Company and worked at LeanIn.org. She has served on several boards including the MIT Corporation (MITâ€™s board of trustees), SERES Global, Emerge Lanka Foundation, and ATHack!. Whitney-Johnson holds a B.S. in Civil and Environmental Engineering from the Massachusetts Institute of Technology and an MPhil in Development Studies from the University of Oxford, where she studied as a Rhodes Scholar.",long,has_image,has_link,en,Noon,0
476,"At Emerge Lanka Foundation, together with our sister organisation, Emerge Global, we work with young survivors of sexual abuse. We value and encourage the young women in our programmes to heal and emerge on their own terms.

We support and advocate for body autonomy, self-determination, and the ability to be the best version of ourselves. We celebrate those who choose to stand up and honor their deepest truths - who are brave enough to claim their truth even when society challenges or harms them for these truths.

No one should be penalized, harassed, or subjected to the inhumane treatment that many members of the LGBTQI community has recently suffered. To those who have lost your freedom or suffered violence at the hands of others, we see you.

We condemn the violence recently taken against the LGBTQI community in Sri Lanka.

To the LGBTQI community, we stand with you and for you. Today, and every day.

Aritha Wickramasinghe
October 30 at 5:05 AM Â·

Judicial Medical Officers and #Police have been exposed conducting forced #anal and #vaginal examinations on #LGBT Sri Lankans. These exams are done to â€œproveâ€ #homosexuality and to use as evidence to prosecute LGBT people.

These exams are degrading, cruel and amounts to torture. They have been banned by world bodies including the World Health Organization (WHO) and World Medical Association - WMA. The Sri Lanka Medical Association and Sri Lanka Medical Council are yet to issue any statement condemning these cruel exams. There is no requirement in law to conduct them and the #JusticeMinistry must request all their #JMOs to stop conducting them. The #AttorneyGeneral must also direct all Police to stop arresting and harassing #LGBT people.

In one case the JMO put two of his fingers inside the vaginas of both a #transgenderman and a cis #woman asked them if it hurt. They were also subject to more physical examinations in front of other male nurses and doctors. When they pleaded with the doctor not to insert his fingers inside again, the doctor said that he will light a firecracker next.

It is ironic that the Police want to #prosecute LGBT people for consensual relationships by getting doctors to forcefully probe our anusâ€™ and vaginas with their fingers. Itâ€™s very clear here who has committed the offence, and itâ€™s not us! Only perverts order and conduct these exams.

Great work by Daily Mirror in exposing these practices and violations. We can only hope for justice for LGBT people and the victims of these examinations.

#Equality #lovewillwin #lovewins

http://www.dailymirror.lk/news-features/JMOs-and-Police-conducting-forced-anal-and-vaginal-examinations-on-LGBT-people/131-198911",long,no_image,no_link,en,Morning,0
479,"Do join us on Facebook Live at 6.30pm (24 October) via Simply Unique to get some insight into the work we do through Emerge, and how you too can be a proactive member in creating change while empowering survivors of sexual abuse.

Simply Unique is with Shalini Fernando at Emerge Global.
October 23 at 9:25 AM Â·

We will be talking about:

1. The work Emerge does in Sri Lanka regarding survivors of underaged rape

2. The short term and long term Impacts of Institutionalisation

3. The social stigma surrounding underaged rape victims

Tune in to our live chat tomorrow at 6:30pm Colombo, Sri Lanka time.

These lovely ladies will speak for 30mins and take as many of your questions as possible.",long,has_image,no_link,en,Night,0
496,"Aritha Wickramasinghe
July 18 at 3:31 PM Â·

In the last 24 hours, 3 girl children were brutally #raped and #killed in Sri Lanka! Most of the accused are young men below the age of 30.

Child sexual abuse and rape is endemic in #SriLanka with the police, courts and education authorities still doing very little to stem the problem.

The average rape case takes 14 years in Sri Lanka with only 1 rape conviction in 2018.

What kind of men are coming out of our schools? What exactly are our schools teaching them for them to be raping and killing young baby girls?

In 2019, the then Government withdrew an age appropriate #sexeducation book for children because of some made up cultural sensitivity.

In 2018, the members of the present Sri Lankan Government, while in opposition, falsely accused Think Equal of trying to spread #homosexuality to young children.

#ThinkEqual was actually teaching children values such as #respect, #kindness and #compassion. The programme was created out of the need to end violence against women following the brutal gang rape of a medical student in a bus in Delhi.

The failures by our political leaders to address these issues and their active participation to prevent solutions make them responsible for the crimes against these girls.

Where is the justice for our girls and women?",long,no_image,no_link,en,Eve,0
500,"This Wednesday marks the start of the #16DaysOfActivism to #EndGenderBasedViolence - a time for global action to increase awareness and galvanize advocacy on behalf of women, girls, and marginalized genders.

To build a world free of gender-based violence it is no longer possible to only rely on the grassroots activists who dedicate their lives to doing this work, we must all play our part. Are you in?

#OrangeTheWorld

EQUALITYNOW.ORG
Weâ€™re determined to end violence against women and girls: Are you in?",medium,no_image,has_link,en,Night,1
507,"A continuation of the converstation on ending caste-based sexual violence in Haryana moderated by Equality Labs, featuring @Swabhiman societyety, WAYVE Foundation, and Equality Now.",short,no_image,no_link,en,Eve,1
508,"A conversation on ending caste-based sexual violence in Haryana moderated by Equality Labs, featuring Swabhiman society, WAYVE Foundation, and Equality Now.",short,no_image,no_link,en,Noon,1
514,"Adolescent girls are disproportionately vulnerable to human rights abuses, including sexual violence. Weâ€™ve teamed up with Athlete A Film for #16DaysOfActivism to highlight the bravery of the #NassarSurvivors & the ecosystem that allows sexual abuse to persist. Predators commit abuse but individuals & institutions grant them impunity.

Read more on our website and watch the #AthleteA documentary on Netflix.

EQUALITYNOW.ORG
Not Just One Bad Man",medium,no_image,has_link,en,Night,1
515,"Caste-based sexual violence is being used as a weapon to oppress Dalit women, capitalizing on gendered power dynamics to maintain caste hierarchies across the country.

These hierarchies are used to silence Dalit women and girls through threats and a consistent failure by the police to register complaints by survivors, resulting in a culture of â€œviolence, silence, and impunityâ€.

Read more about our latest report, released in partnership with Swabhiman society, in The Swaddle.

#EndCasteBasedSexualViolence #HaryanaDalitWomenSpeakOut #16DaysOfActivism

THESWADDLE.COM
Oppressor-Caste Solidarity Drives Culture of Silence Around Rapes of Dalit Girls in Haryana: Report",long,no_image,has_link,en,Morning,0
518,"The recent Hathras case is just one example of the widespread sexual violence taking place against Dalit women and girls across India.

Our new report, launched together with Swabhiman society, found Dalit survivors of sexual violence in Haryana, are facing severe obstacles to accessing justice as well as intersectional caste and gender discrimination.

The time is now to end caste based sexual violence, and itâ€™s on all of us. Will you join us in calling on the Haryana State Government to end sexual violence and caste based discrimination? Every voice counts.

#HaryanaDalitWomenSpeakOut #EndCasteBasedSexualViolence #16DaysofActivism

EQUALITYNOW.ORG
India: Haryana Government must act to end caste-based sexual violence",long,no_image,has_link,en,Early Morning,1
522,"Manisha Mashaal, the founder of Swabhiman society, is an inspiring and resilient voice fighting in the forefronts of the movement addressing caste based violence against Dalit women and girls in Haryana, India.

Ahead of the release of our joint report on barriers to accessing justice faced by #Dalit women and girls in #Haryana, we spoke to her about her activism, the role of the media in promoting access to justice and what all of us can do to contribute to positive change.

#HaryanaDalitWomenSpeakOut #EndCasteBasedSexualViolence #16DaysofActivism

EQUALITYNOW.ORG
Addressing the Intersection of Caste and Sexual Violence in Haryana, India",long,no_image,has_link,en,Noon,1
525,"Brisa de Angulo didnâ€™t get justice when she was raped as a teen. She endured three trials in Bolivia, but her rapist has yet to be held accountable for any of his crimes. In 2012, Brisa filed a case before the Inter-American Commission of Human Rights, who referred it to the Inter-American Court of Human Rights this past August 7th, 2020. Today, Equality Now and the rest of Brisa's legal team officially filed the brief for Brisaâ€™s case before the Court, with the hearing expected in 2021. Now, almost 20 years after her ordeal started, her case could set a legal precedent in Bolivia and for the Americas which all member States would be held to, improving the lives of girls and women throughout the Western Hemisphere.

EQUALITYNOW.ORG
An Important Step Toward Accountability for Sexual Violence in Bolivia and Beyond",long,no_image,has_link,en,Late Night,0
527,"Two years ago, Imani* was raped by her neighbor and became pregnant as a result. She was 16 at the time and in primary school back in Moshi, Tanzania.

Imani loved sciences and geography and wanted to work as a doctor or a nurse when she completed her studies.

Imani represents tens of thousands of adolescent school-going girls in Tanzania who can longer access education owing to the ban prohibiting pregnant girls and teenage mothers from attending school.

And despite numerous efforts urging Tanzania to lift the ban, lack of political will has been a great obstacle.

We, in collaboration with our partners, have therefore today filed a case against Tanzania at the African Court on Human and Peopleâ€™s Rights in Arusha to challenge this policy and have it lifted.

We stand with Imani and every other girl that she represents. Do you?

Share this post to demand that Tanzania #LetGirlsLearn and read more about the filing on our website â¡ï¸ https://bit.ly/2ITDn0B

#EndSexualViolence #WaacheMabintiWasome #WorldChildrensDay #WorldChildrensDay2020 #GirlsRights #GirlsEducation

EQUALITYNOW.ORG
Court case filed against Tanzania to overturn ban on pregnant girls attending school",long,no_image,has_link,en,Noon,1
528,"An analysis of Kuwaitâ€™s Penal Code released today by Equality Now and Abolish Article 153, reveals the extent to which Kuwaitâ€™s laws are failing to protect women and girls:

â¡ï¸ Article 182 allows rapists to escape punishment by marrying the woman or girl they raped, a provision actively condones and rewards sexual violence

â¡ï¸ Article 153 provides a lenient sentence for a man who kills his female relatives, a provision rooted in valuing â€˜honorâ€™ over the human rights of women and girls;

â¡ï¸ the Penal Code does not explicitly criminalize marital rape, leaving women vulnerable to sexual violence committed with impunity

â¡ï¸ and the definition of rape is reliant on the use of force, threats or deception rather than being grounded in consent.

Itâ€™s time to abolish laws that see women and girls as vessels of their familyâ€™s honor, and build an equal world that works for our mothers, our sisters, our daughters, our friends, our communities. Join Kuwaiti activists calling for reform today.

#EndSexualViolence #MarryYourRapist

EQUALITYNOW.ORG
Justice over honor: Kuwait should amend its Penal Code to protect women and girls from sexual violence",long,no_image,has_link,en,Morning,1
529,"Really glad that a bill to expand abortion access in Argentina has finally been sent to Congress. If passed, it will make a big impact for sexual violence survivors and others. Well done to all those who've worked so hard to get here!

IN.REUTERS.COM
Argentina's Fernandez sends delayed abortion bill to Congress",short,no_image,has_link,en,Late Night,0
535,"Due to #COVID19, 13 million more girls are at risk of #ChildMarriage, and 2 million more could undergo female genital mutilation by 2030. We can't let this happen.

Today we are joining with Girls Not Brides: The Global Partnership to End Child Marriage and the Global Platform for Action to End FGM/C to call on the leaders of the #GenerationEquality Actions Coalition on Gender-Based Violence to commit to ending
#FGM and child, early and forced marriage (CEFM).

Sign this open letter and call on leaders to ensure girls are free to decide their futures.

English â¡ï¸ https://bit.ly/LetterEng
EspaÃ±ol â¡ï¸ https://bit.ly/LetterEsp
FranÃ§ais â¡ï¸ https://bit.ly/LetterFra",long,no_image,has_link,en,Eve,0
536,"While child marriage has risen during the pandemic, the virus did not create societal conditions that judged a girlâ€™s worth on her ability to be a wife.

While domestic care-workers have been unable to receive paid sick leave, it did not create an economy that devalued reproductive labor.

While government relief packages have excluded refugees and undocumented immigrants, it did not create political institutions that preferenced the powerful and privileged at the expense of the marginalized.

But what it did do, was force the world to acknowledge that women and girls continue to face both sex and gender-based discrimination. Read more about why we can't let this opportunity to define a new, inclusive future pass us by. â¬‡ï¸

EQUALITYNOW.ORG
2020 has been a year like no other, 2021 must be the year we change the game",long,no_image,has_link,en,Night,0
543,"This is from a piece I wrote 6 years ago after the murder of Michael Brown - Why Black Lives Should Matter to the Anti-Trafficking Movement. Donâ€™t have new words right now. Black Lives Matter.

â€œThe truth is that you canâ€™t claim to be â€˜anti-traffickingâ€™ and not be anti-racism. Being anti-racist doesnâ€™t just mean not saying the â€˜nâ€™ word or telling racist jokes. It means that you have to actively be engaged as an ally, question your own privilege and address all the subtle and not so subtle ways that structural racism interacts with your life.

You canâ€™t say you care about trafficking victims of color, but not take a moment to understand how race impacts their lives. You canâ€™t talk about prevention of commercial sexual exploitation without addressing poverty and how race and class are inextricably linked in this country. You canâ€™t talk about options for survivors and â€˜aftercareâ€™ without acknowledging that those options look different for different survivors. You canâ€™t sit quietly by on the sidelines because all this talk about race makes you uncomfortable. And you canâ€™t pick and choose your social justice issues like youâ€™re at a buffet bar.

All of this is linked, all of it is interconnected and all of this is indeed related to commercial sexual exploitation and trafficking, in all of its forms. As a movement with momentum and interest and a huge amount of support right now, we need to ensure that weâ€™re a movement that is headed in the right direction on all issues of equality and justice, and we need to leverage that momentum to create real, lasting change. Black lives matter, and its past the time for the anti-trafficking movement to send that message loud and clear.â€

#blacklivesmatter
#georgeflloydmatters
#breonnataylormatters
#ahmaudarberymatters",long,no_image,no_link,en,Early Morning,1
557,"There is no better time than now to educate yourself on issues that matter. Check out GEMS Founder Rachel Lloydâ€™s book, Girls Like Us, to learn about the dark world of commercial sex trafficking. https://bit.ly/2wvg9r1

GEMS-GIRLS.ORG
Shop â€” Girls Educational & Mentoring Services (GEMS)",short,no_image,has_link,en,Eve,0
