post_id,text,post_text,shared_text,time,image,video,video_thumbnail,video_id,likes,comments,shares,post_url,link,user_id,images,,
1.0157324271311E+016,"‚ÄòTis the season to be jolly ‚ú®

We are joining the AHRP Virtual Christmas Celebrations on the 11th of December, with an exciting lineup of homegrown brands and activities!

Register and purchase tickets by sending an email to virtual.christmas.cheer@gmail.com and join us one this season's festivities

HR Professionals Sri Lanka
December 6 at 11:36 PM ¬∑

Time to get your Christmas cheer on with our exciting entertainment lineup for the 11th of December! Get ready for an exciting appearance by Mrs. Claus, a special story reading by StoryLand SL, a live craft show by The Kamen and a musical line up of popular Sri Lankan artistes, including Amarsha Tissera, Tehani Tissera, Sheran Dilantha, Medhavi Jayaratne, and more! To register and purchase your tickets soon, send us an email to virtual.christmas.cheer@gmail.com.","‚ÄòTis the season to be jolly ‚ú®

We are joining the AHRP Virtual Christmas Celebrations on the 11th of December, with an exciting lineup of homegrown brands and activities!

Register and purchase tickets by sending an email to virtual.christmas.cheer@gmail.com and join us one this season's festivities","HR Professionals Sri Lanka
December 6 at 11:36 PM ¬∑

Time to get your Christmas cheer on with our exciting entertainment lineup for the 11th of December! Get ready for an exciting appearance by Mrs. Claus, a special story reading by StoryLand SL, a live craft show by The Kamen and a musical line up of popular Sri Lankan artistes, including Amarsha Tissera, Tehani Tissera, Sheran Dilantha, Medhavi Jayaratne, and more! To register and purchase your tickets soon, send us an email to virtual.christmas.cheer@gmail.com.",2020-12-09 07:50:21,https://scontent.fadd1-1.fna.fbcdn.net/v/t1.0-9/fr/cp0/e15/q65/129508075_4880276442014256_1680489158533094493_o.jpg?_nc_cat=108&ccb=2&_nc_sid=8024bb&_nc_ohc=jHpMhtTu7iwAX948cte&_nc_ht=scontent.fadd1-1.fna&tp=14&oh=494013096e3dbc1a5f0b065fa5dc0250&oe=5FF8AFF0,,,,3,0,0,https://facebook.com/story.php?story_fbid=10157324271311046&id=192096306045,,192096306045,['https://scontent.fadd1-1.fna.fbcdn.net/v/t1.0-9/fr/cp0/e15/q65/129508075_4880276442014256_1680489158533094493_o.jpg?_nc_cat=108&ccb=2&_nc_sid=8024bb&_nc_ohc=jHpMhtTu7iwAX948cte&_nc_ht=scontent.fadd1-1.fna&tp=14&oh=494013096e3dbc1a5f0b065fa5dc0250&oe=5FF8AFF0'],,
1.0157321257876E+016,"Take a look at this informative live chat hosted by Simply Unique; where they spoke with our very own founder Alia Whitney-Johnson over the weekend on the issue of Child Sexual Abuse, the work that Emerge does to support survivors in Sri Lanka and so much more. Thank you Simply Unique! #powerwomen #ChildAbuse #womensupportingwomen #livestreams

Simply Unique was live.
December 5 at 7:00 AM ¬∑

Thank you for taking the time to listen to our lovely ladies discuss #ChildRape in #SriLanka and the work done by Emerge Global","Take a look at this informative live chat hosted by Simply Unique; where they spoke with our very own founder Alia Whitney-Johnson over the weekend on the issue of Child Sexual Abuse, the work that Emerge does to support survivors in Sri Lanka and so much more. Thank you Simply Unique! #powerwomen #ChildAbuse #womensupportingwomen #livestreams","Simply Unique was live.
December 5 at 7:00 AM ¬∑

Thank you for taking the time to listen to our lovely ladies discuss #ChildRape in #SriLanka and the work done by Emerge Global",2020-12-07 20:07:52,,https://scontent.fadd1-1.fna.fbcdn.net/v/t66.36281-6/10000000_994809394346388_3349912669430939249_n.mp4?_nc_cat=101&ccb=2&_nc_sid=985c63&efg=eyJ2ZW5jb2RlX3RhZyI6Im9lcF9zZCJ9&_nc_ohc=5rw5jXoi1K0AX_p9GsC&_nc_ht=scontent.fadd1-1.fna&oh=07b1ab47809048383b306b40441aea1c&oe=5FF6757E,https://scontent.fadd1-1.fna.fbcdn.net/v/t15.13418-10/cp0/e15/q65/p173x172/121897908_853546558726802_3318398559824125010_n.jpg?_nc_cat=106&ccb=2&_nc_sid=ccf8b3&_nc_ohc=I3yZYW4dKDcAX9hbuFj&_nc_ht=scontent.fadd1-1.fna&oh=73b9656d2993616cf1b70cc2dd5a82ce&oe=5FF67FF8,382535242969645,2,2,0,https://facebook.com/story.php?story_fbid=10157321257876046&id=192096306045,,192096306045,[],,
1.0157314555451E+016,"Running a business is hard. But how hard is it when you're a woman facing inequality, prejudice and discrimination?

Find out as we speak to some of the leading women entrepreneurs on this week's She Can livestream. Tune in live on the 05th of December to join our conversation with Nethmi Liyanapathirana, Melissa Peters, Nadiya Fernando Michelle Gunesekara and our own Alia Whitney-Johnson

#SHECAN
#RACPI
#Rotaract
#Rotaract3220
#WeAreRotaract
#WeArePearlIsland
#PinnacleOfPurpose
#StriveAsOne
#SriLanka","Running a business is hard. But how hard is it when you're a woman facing inequality, prejudice and discrimination?

Find out as we speak to some of the leading women entrepreneurs on this week's She Can livestream. Tune in live on the 05th of December to join our conversation with Nethmi Liyanapathirana, Melissa Peters, Nadiya Fernando Michelle Gunesekara and our own Alia Whitney-Johnson

#SHECAN
#RACPI
#Rotaract
#Rotaract3220
#WeAreRotaract
#WeArePearlIsland
#PinnacleOfPurpose
#StriveAsOne
#SriLanka",,2020-12-04 13:07:55,https://scontent.fadd1-1.fna.fbcdn.net/v/t1.0-9/fr/cp0/e15/q65/128685518_10157314553576046_7973538501323465486_n.jpg?_nc_cat=102&ccb=2&_nc_sid=110474&_nc_ohc=g39rkeTyTwMAX-KkDGu&_nc_ht=scontent.fadd1-1.fna&tp=14&oh=7c2af8f7d3a3579a443da2b7418c1550&oe=5FF92E9C,,,,5,0,0,https://facebook.com/story.php?story_fbid=10157314555451046&id=192096306045,,192096306045,"['https://scontent.fadd1-1.fna.fbcdn.net/v/t1.0-9/fr/cp0/e15/q65/128685518_10157314553576046_7973538501323465486_n.jpg?_nc_cat=102&ccb=2&_nc_sid=110474&_nc_ohc=g39rkeTyTwMAX-KkDGu&_nc_ht=scontent.fadd1-1.fna&tp=14&oh=7c2af8f7d3a3579a443da2b7418c1550&oe=5FF92E9C', 'https://scontent.fadd1-1.fna.fbcdn.net/v/t1.0-9/fr/cp0/e15/q65/129003028_10157314553631046_8171471380097368142_n.jpg?_nc_cat=102&ccb=2&_nc_sid=110474&_nc_ohc=GB8Ow06uqnQAX-Lo4rZ&_nc_ht=scontent.fadd1-1.fna&tp=14&oh=97cef36948b0d068d6fa5f51c5ba06b6&oe=5FF940A4', 'https://scontent.fadd1-1.fna.fbcdn.net/v/t1.0-9/fr/cp0/e15/q65/128702061_10157314553746046_2133144136353423668_n.jpg?_nc_cat=104&ccb=2&_nc_sid=110474&_nc_ohc=wWsjDgKmpKYAX9BkJmd&_nc_oc=AQnpEG5BXvAPOARFolLJw1yxDzwhFHTwbzCJ5K2DbMUjkrHCrsFh55acgNDRxd2KdXU&_nc_ht=scontent.fadd1-1.fna&tp=14&oh=a998fd1b58a5b03e699052f94f4460fb&oe=5FF5DE6A', 'https://scontent.fadd1-1.fna.fbcdn.net/v/t1.0-9/fr/cp0/e15/q65/128104045_10157314553721046_5227501077832689015_n.jpg?_nc_cat=110&ccb=2&_nc_sid=110474&_nc_ohc=Z4g7QiWapmQAX8ZiPB6&_nc_ht=scontent.fadd1-1.fna&tp=14&oh=7267daefcd083a3ef32fca2a7866fd7e&oe=5FF913F2']",,
1.0157312511206E+016,"Marking a special day in our journey at Emerge Lanka, our brand new website has officially gone live!

Visit www.emergelanka.org for exclusive information on everything we do and special updates on projects and events

EMERGELANKA.ORG
Home | Emerge Lanka Foundation","Marking a special day in our journey at Emerge Lanka, our brand new website has officially gone live!

Visit www.emergelanka.org for exclusive information on everything we do and special updates on projects and events","EMERGELANKA.ORG
Home | Emerge Lanka Foundation",2020-12-03 12:45:28,,,,,9,1,6,https://facebook.com/story.php?story_fbid=10157312511206046&id=192096306045,http://www.emergelanka.org/,192096306045,[],,
1.0157296918191E+016,"Body image and acceptance is something we all struggle with.

Tune in live on the 28th November to join an insightful conversation on how media fuels our battles with body image together with the Rotaract Club of Pearl Island

#SHECAN
#RACPI
#Rotaract
#Rotaract3220
#WeAreRotaract
#WeArePearlIsland
#PinnacleOfPurpose
#StriveAsOne
#SriLanka","Body image and acceptance is something we all struggle with.

Tune in live on the 28th November to join an insightful conversation on how media fuels our battles with body image together with the Rotaract Club of Pearl Island

#SHECAN
#RACPI
#Rotaract
#Rotaract3220
#WeAreRotaract
#WeArePearlIsland
#PinnacleOfPurpose
#StriveAsOne
#SriLanka",,2020-11-25 16:36:29,https://scontent.fadd1-1.fna.fbcdn.net/v/t1.0-9/fr/cp0/e15/q65/126873439_10157296915946046_5748892907056372624_n.jpg?_nc_cat=100&ccb=2&_nc_sid=110474&_nc_ohc=4UEmo7KFBLYAX9tKT2b&_nc_oc=AQl5zFo-Cmyrpl-SV-o7_mOM5VvkH35AnfnaOrDGWMnqIY2cMmTdplBbkN0cxxDV7wo&_nc_ht=scontent.fadd1-1.fna&tp=14&oh=1b68c97b95265dc97657edf37062d763&oe=5FF6540B,,,,6,0,0,https://facebook.com/story.php?story_fbid=10157296918191046&id=192096306045,,192096306045,"['https://scontent.fadd1-1.fna.fbcdn.net/v/t1.0-9/fr/cp0/e15/q65/126873439_10157296915946046_5748892907056372624_n.jpg?_nc_cat=100&ccb=2&_nc_sid=110474&_nc_ohc=4UEmo7KFBLYAX9tKT2b&_nc_oc=AQl5zFo-Cmyrpl-SV-o7_mOM5VvkH35AnfnaOrDGWMnqIY2cMmTdplBbkN0cxxDV7wo&_nc_ht=scontent.fadd1-1.fna&tp=14&oh=1b68c97b95265dc97657edf37062d763&oe=5FF6540B', 'https://scontent.fadd1-1.fna.fbcdn.net/v/t1.0-9/fr/cp0/e15/q65/126296392_10157296916036046_2900770586011540885_n.jpg?_nc_cat=109&ccb=2&_nc_sid=110474&_nc_ohc=86eR85CdclsAX-rWrVC&_nc_ht=scontent.fadd1-1.fna&tp=14&oh=ec337062103c964cfdb081eb4f8774cc&oe=5FF8D44D', 'https://scontent.fadd1-1.fna.fbcdn.net/v/t1.0-9/fr/cp0/e15/q65/127185808_10157296915991046_6807205491583350283_n.jpg?_nc_cat=107&ccb=2&_nc_sid=110474&_nc_ohc=melAFuQQBAoAX80KBhe&_nc_ht=scontent.fadd1-1.fna&tp=14&oh=24bffd3457c43145f85f76ba6ce940f5&oe=5FF74DB3', 'https://scontent.fadd1-1.fna.fbcdn.net/v/t1.0-9/fr/cp0/e15/q65/127178161_10157298550586046_957352751078564174_n.jpg?_nc_cat=108&ccb=2&_nc_sid=110474&_nc_ohc=zK8PykXvnHQAX_rvVmi&_nc_ht=scontent.fadd1-1.fna&tp=14&oh=f0a4c15d030cb2312789b2afff89156c&oe=5FF82D7D']",,
1.0157296525181E+016,"Today kickstarts #16daysofactivism against gender based violence. As an organization that functions to support survivors of abuse, we have experienced the chain of reactions that gender based violence bring upon its victims. Today we invite you to pledge along with us; to never commit. To always intervene. And to never be a bystander. Silence allows violence; I won‚Äôt be silent to enable violence.

#16DaysOfActivism #genderbasedviolence #SupportSurvivors #emergestrong","Today kickstarts #16daysofactivism against gender based violence. As an organization that functions to support survivors of abuse, we have experienced the chain of reactions that gender based violence bring upon its victims. Today we invite you to pledge along with us; to never commit. To always intervene. And to never be a bystander. Silence allows violence; I won‚Äôt be silent to enable violence.

#16DaysOfActivism #genderbasedviolence #SupportSurvivors #emergestrong",,2020-11-25 10:17:44,https://scontent.fadd1-1.fna.fbcdn.net/v/t1.0-9/fr/cp0/e15/q65/126164158_10157296524346046_9110616532875166496_n.jpg?_nc_cat=107&ccb=2&_nc_sid=110474&_nc_ohc=CPJDaetFJboAX-MZzRr&_nc_ht=scontent.fadd1-1.fna&tp=14&oh=a9ee063ad8074c975a0e7784f62be735&oe=5FF8A372,,,,11,0,0,https://facebook.com/story.php?story_fbid=10157296525181046&id=192096306045,,192096306045,['https://scontent.fadd1-1.fna.fbcdn.net/v/t1.0-9/fr/cp0/e15/q65/126164158_10157296524346046_9110616532875166496_n.jpg?_nc_cat=107&ccb=2&_nc_sid=110474&_nc_ohc=CPJDaetFJboAX-MZzRr&_nc_ht=scontent.fadd1-1.fna&tp=14&oh=a9ee063ad8074c975a0e7784f62be735&oe=5FF8A372'],,
1.0157293259426E+016,"2020's been a challenging year for all of us, but in times like these is when we should reflect on ourselves the most. Here's a photo from today's session of thinking and reflecting. This only helped us to appreciate our tiny but mighty team even more; a team driven with talent, love and so much passion for the work we do. We are forever grateful for being able to work with each other, but even more hopeful to face whatever storms 2021 will bring to us to keep empowering our amazing survivors ‚ú®

#emergestrong #bringon2021","2020's been a challenging year for all of us, but in times like these is when we should reflect on ourselves the most. Here's a photo from today's session of thinking and reflecting. This only helped us to appreciate our tiny but mighty team even more; a team driven with talent, love and so much passion for the work we do. We are forever grateful for being able to work with each other, but even more hopeful to face whatever storms 2021 will bring to us to keep empowering our amazing survivors ‚ú®

#emergestrong #bringon2021",,2020-11-23 15:28:06,https://scontent.fadd1-1.fna.fbcdn.net/v/t1.0-9/fr/cp0/e15/q65/126836046_10157293258426046_667932842788698184_n.jpg?_nc_cat=100&ccb=2&_nc_sid=110474&_nc_ohc=wyQfoz6J3Z0AX93RBWO&_nc_oc=AQmqDtVAoXo5kEHsp-\-\WkbiEW6zB5vEtF6INQjbYnD7zToTlRdJ8brPqy3tJr5LIBEQ&_nc_ht=scontent.fadd1-1.fna&tp=14&oh=bd07c8436c381fbc7c1d7208d2b05b10&oe=5FF765A1,,,,14,0,0,https://facebook.com/story.php?story_fbid=10157293259426046&id=192096306045,,192096306045,"['https://scontent.fadd1-1.fna.fbcdn.net/v/t1.0-9/fr/cp0/e15/q65/126836046_10157293258426046_667932842788698184_n.jpg?_nc_cat=100&ccb=2&_nc_sid=110474&_nc_ohc=wyQfoz6J3Z0AX93RBWO&_nc_oc=AQmqDtVAoXo5kEHsp-\\-\\WkbiEW6zB5vEtF6INQjbYnD7zToTlRdJ8brPqy3tJr5LIBEQ&_nc_ht=scontent.fadd1-1.fna&tp=14&oh=bd07c8436c381fbc7c1d7208d2b05b10&oe=5FF765A1', 'https://scontent.fadd1-1.fna.fbcdn.net/v/t1.0-9/fr/cp0/e15/q65/126806526_10157293258491046_6518785514786263251_n.jpg?_nc_cat=102&ccb=2&_nc_sid=110474&_nc_ohc=TycSSAsXEO8AX9SLo-E&_nc_ht=scontent.fadd1-1.fna&tp=14&oh=659c3bf08b5c924857dca1dd305b82ee&oe=5FF8305B']",,
1.0157286986901E+016,"When women believe they can, there‚Äôs no stopping them.

Tune in live on the 21st of November as we join the Rotaract Club of Pearl Island for a discussion on Sexual Harassment and Abuse. Let‚Äôs talk to empower our women to reach our potential.

#SHECAN
#RACPI
#Rotaract
#Rotaract3220
#WeAreRotaract
#WeArePearlIsland
#PinnacleOfPurpose
#StriveAsOne
#SriLanka","When women believe they can, there‚Äôs no stopping them.

Tune in live on the 21st of November as we join the Rotaract Club of Pearl Island for a discussion on Sexual Harassment and Abuse. Let‚Äôs talk to empower our women to reach our potential.

#SHECAN
#RACPI
#Rotaract
#Rotaract3220
#WeAreRotaract
#WeArePearlIsland
#PinnacleOfPurpose
#StriveAsOne
#SriLanka",,2020-11-20 12:42:45,https://scontent.fadd1-1.fna.fbcdn.net/v/t1.0-9/fr/cp0/e15/q65/125434364_10157286985451046_2815045546309908759_n.jpg?_nc_cat=100&ccb=2&_nc_sid=110474&_nc_ohc=tgA415PcwPIAX_WFisl&_nc_ht=scontent.fadd1-1.fna&tp=14&oh=efa0dd21242fe94e1421e975e7aabb13&oe=5FF63FC8,,,,10,0,0,https://facebook.com/story.php?story_fbid=10157286986901046&id=192096306045,,192096306045,"['https://scontent.fadd1-1.fna.fbcdn.net/v/t1.0-9/fr/cp0/e15/q65/125434364_10157286985451046_2815045546309908759_n.jpg?_nc_cat=100&ccb=2&_nc_sid=110474&_nc_ohc=tgA415PcwPIAX_WFisl&_nc_ht=scontent.fadd1-1.fna&tp=14&oh=efa0dd21242fe94e1421e975e7aabb13&oe=5FF63FC8', 'https://scontent.fadd1-1.fna.fbcdn.net/v/t1.0-9/fr/cp0/e15/q65/126524629_10157286985666046_1475446456402919170_n.jpg?_nc_cat=104&ccb=2&_nc_sid=110474&_nc_ohc=6DEDgGDvec4AX8AnwAK&_nc_ht=scontent.fadd1-1.fna&tp=14&oh=380b82623b90f96e1980061de094095f&oe=5FF5B4B2', 'https://scontent.fadd1-1.fna.fbcdn.net/v/t1.0-9/fr/cp0/e15/q65/126252948_10157286985846046_2205037983325550843_n.jpg?_nc_cat=106&ccb=2&_nc_sid=110474&_nc_ohc=XBBcZYNjTF0AX_-q3YU&_nc_ht=scontent.fadd1-1.fna&tp=14&oh=99f5ffb32661057e9b6f37e6c04b7951&oe=5FF6CC99', 'https://scontent.fadd1-1.fna.fbcdn.net/v/t1.0-9/fr/cp0/e15/q65/125978150_10157286985526046_6733311773903715195_n.jpg?_nc_cat=103&ccb=2&_nc_sid=110474&_nc_ohc=zpcc2vMJ3MEAX-0DUW6&_nc_ht=scontent.fadd1-1.fna&tp=14&oh=868a66b360cecb4d13dde2f018af6de8&oe=5FF5FC74']",,
1.0157283911196E+016,The ladies at Colombo Sapphire Ladies Circle 2 are brewing something exciting üôåüèΩ Get your tickets before they run out!,The ladies at Colombo Sapphire Ladies Circle 2 are brewing something exciting üôåüèΩ Get your tickets before they run out!,,2020-11-18 15:52:16,https://scontent.fadd1-1.fna.fbcdn.net/v/t1.0-9/fr/cp0/e15/q65/125311552_10157283909041046_1116579355716536550_n.jpg?_nc_cat=111&ccb=2&_nc_sid=110474&_nc_ohc=Fbw1_ymsT7oAX-5QtjU&_nc_ht=scontent.fadd1-1.fna&tp=14&oh=bbe7eec515d526c8d1da068de996676f&oe=5FF6D735,,,,4,2,0,https://facebook.com/story.php?story_fbid=10157283911196046&id=192096306045,,192096306045,['https://scontent.fadd1-1.fna.fbcdn.net/v/t1.0-9/fr/cp0/e15/q65/125311552_10157283909041046_1116579355716536550_n.jpg?_nc_cat=111&ccb=2&_nc_sid=110474&_nc_ohc=Fbw1_ymsT7oAX-5QtjU&_nc_ht=scontent.fadd1-1.fna&tp=14&oh=bbe7eec515d526c8d1da068de996676f&oe=5FF6D735'],,
1.0157268346261E+016,"When you step out for essential tasks, take precautions to keep you and your loved ones safe. Follow the proper guidelines and always stay safe.","When you step out for essential tasks, take precautions to keep you and your loved ones safe. Follow the proper guidelines and always stay safe.",,2020-11-10 07:44:48,https://scontent.fadd1-1.fna.fbcdn.net/v/t1.0-9/fr/cp0/e15/q65/124375752_10157268345936046_1797010387995353788_n.jpg?_nc_cat=111&ccb=2&_nc_sid=110474&_nc_ohc=PMyUWTPUr4wAX9TSFc1&_nc_ht=scontent.fadd1-1.fna&tp=14&oh=ebabee558ff2914f474129faf85d3a9a&oe=5FF89E44,,,,3,0,0,https://facebook.com/story.php?story_fbid=10157268346261046&id=192096306045,,192096306045,['https://scontent.fadd1-1.fna.fbcdn.net/v/t1.0-9/fr/cp0/e15/q65/124375752_10157268345936046_1797010387995353788_n.jpg?_nc_cat=111&ccb=2&_nc_sid=110474&_nc_ohc=PMyUWTPUr4wAX9TSFc1&_nc_ht=scontent.fadd1-1.fna&tp=14&oh=ebabee558ff2914f474129faf85d3a9a&oe=5FF89E44'],,
1.0157266774956E+016,"International Christmas Charity Bazaar Sri Lanka is going virtual to keep you safe but happy during the holidays! By logging onto www.iccbsrilanka.shopbox.lk from midnight and purchasing a beautiful well crafted piece of Emerge jewelry; you will be supporting a resilient young survivor to generate a savings of her own. From necklaces to bookmarks; for gifts to yourself and to others. Share the link, and share some holiday cheer üéÑüåü‚ùÑÔ∏è

International Christmas Charity Bazaar Sri Lanka
October 28 at 1:25 PM ¬∑

Trick or Treat! Wouldn‚Äôt these be the perfect treats for Halloween this weekend? Gorgeous necklaces created with love by our friends at Emerge Lanka, the little girls in the neighborhood would have loved to receive these inside their goody bags as treats!

But they still can! Log online on the 10th of November - www.iccbsrilanka.shopbox.lk and get your hands on some absolutely gorgeous pieces of jewelry that any little girl would love to find inside their Christmas stockings this festive season!

Emerge Global","International Christmas Charity Bazaar Sri Lanka is going virtual to keep you safe but happy during the holidays! By logging onto www.iccbsrilanka.shopbox.lk from midnight and purchasing a beautiful well crafted piece of Emerge jewelry; you will be supporting a resilient young survivor to generate a savings of her own. From necklaces to bookmarks; for gifts to yourself and to others. Share the link, and share some holiday cheer üéÑüåü‚ùÑÔ∏è","International Christmas Charity Bazaar Sri Lanka
October 28 at 1:25 PM ¬∑

Trick or Treat! Wouldn‚Äôt these be the perfect treats for Halloween this weekend? Gorgeous necklaces created with love by our friends at Emerge Lanka, the little girls in the neighborhood would have loved to receive these inside their goody bags as treats!

But they still can! Log online on the 10th of November - www.iccbsrilanka.shopbox.lk and get your hands on some absolutely gorgeous pieces of jewelry that any little girl would love to find inside their Christmas stockings this festive season!

Emerge Global",2020-11-09 13:57:24,https://scontent.fadd1-1.fna.fbcdn.net/v/t1.0-9/fr/cp0/e15/q65/122701563_2900222360258035_9006391368885966013_o.jpg?_nc_cat=104&ccb=2&_nc_sid=110474&_nc_ohc=RtVvl4yC4jkAX86rTH-&_nc_ht=scontent.fadd1-1.fna&tp=14&oh=0acfec752c199b62b0b8eb08e88fad59&oe=5FF5B43D,,,,3,0,0,https://facebook.com/story.php?story_fbid=10157266774956046&id=192096306045,http://www.iccbsrilanka.shopbox.lk/,192096306045,"['https://scontent.fadd1-1.fna.fbcdn.net/v/t1.0-9/fr/cp0/e15/q65/122701563_2900222360258035_9006391368885966013_o.jpg?_nc_cat=104&ccb=2&_nc_sid=110474&_nc_ohc=RtVvl4yC4jkAX86rTH-&_nc_ht=scontent.fadd1-1.fna&tp=14&oh=0acfec752c199b62b0b8eb08e88fad59&oe=5FF5B43D', 'https://scontent.fadd1-1.fna.fbcdn.net/v/t1.0-9/fr/cp0/e15/q65/122701563_2900222360258035_9006391368885966013_o.jpg?_nc_cat=104&ccb=2&_nc_sid=110474&_nc_ohc=RtVvl4yC4jkAX86rTH-&_nc_ht=scontent.fadd1-1.fna&tp=14&oh=0acfec752c199b62b0b8eb08e88fad59&oe=5FF5B43D', 'https://scontent.fadd1-1.fna.fbcdn.net/v/t1.0-9/fr/cp0/e15/q65/122701563_2900222360258035_9006391368885966013_o.jpg?_nc_cat=104&ccb=2&_nc_sid=110474&_nc_ohc=RtVvl4yC4jkAX86rTH-&_nc_ht=scontent.fadd1-1.fna&tp=14&oh=0acfec752c199b62b0b8eb08e88fad59&oe=5FF5B43D']",,
1.0157258639681E+016,"We are so excited for our amazing founder who will be speaking with the dynamic ladies at Simply Unique! Please mark your calendar for Saturday 5 December and learn about Alia's Emerge journey!

Simply Unique added a new photo to the album: SIMPLY ONLINE ‚Äî with Alia Whitney-Johnson at Emerge Global.
November 5 at 11:30 AM ¬∑

Simply Online is pleased to announce our second Guest Speaker.

Alia Whitney-Johnson is an experienced social entrepreneur with fifteen years of experience working with children who‚Äôve endured trauma, sexual abuse, and exploitation.

During the summer of 2005, at the age of 19, Alia arrived in Sri Lanka as a tsunami-relief volunteer. During this trip, she encountered a heartbreaking reality: Girls as young as 11 who had survived rape or incest and had the courage to stand up for themselves in court were often cast out of their own families and placed in protective shelters away from society where they had little access to education or support.

That summer, she launched Emerge (www.emergeglobal.org) as a way to connect the girls to critical life and business skills, healing resources, and a community of support. Since then, Emerge has gone on to serve over 1,100 powerful young women.

Alia is also the Co-Founder and Executive Director of Freedom Forward (www.Freedom-Forward.org), a non-profit that is working to prevent the commercial sexual exploitation of youth in San Francisco through systems change. Through this role, she served as the Co-Chair of San Francisco‚Äôs Youth Trafficking Committee for the Mayor‚Äôs Task Force on Anti-Human Trafficking in 2017 and 2018, where she started the task force‚Äôs first Youth Advisory Board. She also helped form a collaborative of organizations to provide a full continuum of wrap-around services to youth who have or may experience commercial sexual exploitation.

Previously, Alia served as a consultant at McKinsey & Company and worked at LeanIn.org. She has served on several boards including the MIT Corporation (MIT‚Äôs board of trustees), SERES Global, Emerge Lanka Foundation, and ATHack!. Whitney-Johnson holds a B.S. in Civil and Environmental Engineering from the Massachusetts Institute of Technology and an MPhil in Development Studies from the University of Oxford, where she studied as a Rhodes Scholar.",We are so excited for our amazing founder who will be speaking with the dynamic ladies at Simply Unique! Please mark your calendar for Saturday 5 December and learn about Alia's Emerge journey!,"Simply Unique added a new photo to the album: SIMPLY ONLINE ‚Äî with Alia Whitney-Johnson at Emerge Global.
November 5 at 11:30 AM ¬∑

Simply Online is pleased to announce our second Guest Speaker.

Alia Whitney-Johnson is an experienced social entrepreneur with fifteen years of experience working with children who‚Äôve endured trauma, sexual abuse, and exploitation.

During the summer of 2005, at the age of 19, Alia arrived in Sri Lanka as a tsunami-relief volunteer. During this trip, she encountered a heartbreaking reality: Girls as young as 11 who had survived rape or incest and had the courage to stand up for themselves in court were often cast out of their own families and placed in protective shelters away from society where they had little access to education or support.

That summer, she launched Emerge (www.emergeglobal.org) as a way to connect the girls to critical life and business skills, healing resources, and a community of support. Since then, Emerge has gone on to serve over 1,100 powerful young women.

Alia is also the Co-Founder and Executive Director of Freedom Forward (www.Freedom-Forward.org), a non-profit that is working to prevent the commercial sexual exploitation of youth in San Francisco through systems change. Through this role, she served as the Co-Chair of San Francisco‚Äôs Youth Trafficking Committee for the Mayor‚Äôs Task Force on Anti-Human Trafficking in 2017 and 2018, where she started the task force‚Äôs first Youth Advisory Board. She also helped form a collaborative of organizations to provide a full continuum of wrap-around services to youth who have or may experience commercial sexual exploitation.

Previously, Alia served as a consultant at McKinsey & Company and worked at LeanIn.org. She has served on several boards including the MIT Corporation (MIT‚Äôs board of trustees), SERES Global, Emerge Lanka Foundation, and ATHack!. Whitney-Johnson holds a B.S. in Civil and Environmental Engineering from the Massachusetts Institute of Technology and an MPhil in Development Studies from the University of Oxford, where she studied as a Rhodes Scholar.",2020-11-05 14:42:00,https://scontent.fadd1-1.fna.fbcdn.net/v/t1.0-9/fr/cp0/e15/q65/123605822_143748384155876_3467932595358444060_o.jpg?_nc_cat=110&ccb=2&_nc_sid=0be424&_nc_ohc=23m5_IbQLakAX_N7woi&_nc_ht=scontent.fadd1-1.fna&tp=14&oh=3af0e1e89c1d919f9a34ff820f44d7ea&oe=5FF61DFE,,,,16,0,0,https://facebook.com/story.php?story_fbid=10157258639681046&id=192096306045,http://www.emergeglobal.org/,192096306045,['https://scontent.fadd1-1.fna.fbcdn.net/v/t1.0-9/fr/cp0/e15/q65/123605822_143748384155876_3467932595358444060_o.jpg?_nc_cat=110&ccb=2&_nc_sid=0be424&_nc_ohc=23m5_IbQLakAX_N7woi&_nc_ht=scontent.fadd1-1.fna&tp=14&oh=3af0e1e89c1d919f9a34ff820f44d7ea&oe=5FF61DFE'],,
1.0157256745266E+016,"Our team is completed with individuals who believe in our cause to their fullest and go above and beyond to ensure that we reach higher peaks.

Meet Ashani, someone who is extremely dedicated to our cause and even more dedicated and passionate about empowering our girls. Ashani joined our team in 2017, and currently functions as our Reintegration and Admin Manager. Especially during these challenging times, Ashani has been our force of support, keeping the team grounded and positive. Soft spoken, but highly intelligent and always thinking two steps ahead, Ashani has effortlessly created some great connections for our girls, who fondly call her ‚ÄòAkki‚Äô. She‚Äôs such a loyal, trustworthy and a dependable figure in our team, committed to make a big difference in the work we do and who we do it for. We are really lucky and blessed to have Ashani in our team.","Our team is completed with individuals who believe in our cause to their fullest and go above and beyond to ensure that we reach higher peaks.

Meet Ashani, someone who is extremely dedicated to our cause and even more dedicated and passionate about empowering our girls. Ashani joined our team in 2017, and currently functions as our Reintegration and Admin Manager. Especially during these challenging times, Ashani has been our force of support, keeping the team grounded and positive. Soft spoken, but highly intelligent and always thinking two steps ahead, Ashani has effortlessly created some great connections for our girls, who fondly call her ‚ÄòAkki‚Äô. She‚Äôs such a loyal, trustworthy and a dependable figure in our team, committed to make a big difference in the work we do and who we do it for. We are really lucky and blessed to have Ashani in our team.",,2020-11-04 09:36:33,https://scontent.fadd1-1.fna.fbcdn.net/v/t1.0-9/123141728_10157256743431046_5063228402776539398_o.png?_nc_cat=108&ccb=2&_nc_sid=8024bb&_nc_ohc=4IIjk65wsx8AX_CZPdV&_nc_ht=scontent.fadd1-1.fna&oh=088e4b22dcaa1b800da0c3a6de41837f&oe=5FF943BC,,,,11,9,0,https://facebook.com/story.php?story_fbid=10157256745266046&id=192096306045,,192096306045,['https://scontent.fadd1-1.fna.fbcdn.net/v/t1.0-9/123141728_10157256743431046_5063228402776539398_o.png?_nc_cat=108&ccb=2&_nc_sid=8024bb&_nc_ohc=4IIjk65wsx8AX_CZPdV&_nc_ht=scontent.fadd1-1.fna&oh=088e4b22dcaa1b800da0c3a6de41837f&oe=5FF943BC'],,
1.0157256743056E+016,"Stay alert of your child and their mental and physical wellbeing. An important message from Child Protection Force

Child Protection Force
November 4 at 2:03 AM ¬∑

An important message from Child Protection Force !

For english message please see
https://www.facebook.com/111433129464238/posts/711015849505960/",Stay alert of your child and their mental and physical wellbeing. An important message from Child Protection Force,"Child Protection Force
November 4 at 2:03 AM ¬∑

An important message from Child Protection Force !

For english message please see
https://www.facebook.com/111433129464238/posts/711015849505960/",2020-11-04 09:32:34,,https://scontent.fadd1-1.fna.fbcdn.net/v/t42.9040-4/123704001_1013078112497848_1181857469528217069_n.mp4?_nc_cat=108&ccb=2&_nc_sid=985c63&efg=eyJ2ZW5jb2RlX3RhZyI6ImxlZ2FjeV9zZCJ9&_nc_ohc=WN5xK8tYThEAX8ZIzVV&_nc_ht=scontent.fadd1-1.fna&oh=dc7eebf6b515fb5636bb2bce2e5073a9&oe=5FD1F220,https://scontent.fadd1-1.fna.fbcdn.net/v/t15.5256-10/cp0/e15/q65/s320x320/120938020_356775585406693_6096829676153836290_n.jpg?_nc_cat=102&ccb=2&_nc_sid=ccf8b3&_nc_ohc=IDJxlLhJsEUAX84HFpQ&_nc_ht=scontent.fadd1-1.fna&oh=4f6fbc8304bee1284d7860f88e97f52d&oe=5FF92682,356774315406820,2,0,0,https://facebook.com/story.php?story_fbid=10157256743056046&id=192096306045,,192096306045,[],,
1.0157248890996E+016,"At Emerge Lanka Foundation, together with our sister organisation, Emerge Global, we work with young survivors of sexual abuse. We value and encourage the young women in our programmes to heal and emerge on their own terms.

We support and advocate for body autonomy, self-determination, and the ability to be the best version of ourselves. We celebrate those who choose to stand up and honor their deepest truths - who are brave enough to claim their truth even when society challenges or harms them for these truths.

No one should be penalized, harassed, or subjected to the inhumane treatment that many members of the LGBTQI community has recently suffered. To those who have lost your freedom or suffered violence at the hands of others, we see you.

We condemn the violence recently taken against the LGBTQI community in Sri Lanka.

To the LGBTQI community, we stand with you and for you. Today, and every day.

Aritha Wickramasinghe
October 30 at 5:05 AM ¬∑

Judicial Medical Officers and #Police have been exposed conducting forced #anal and #vaginal examinations on #LGBT Sri Lankans. These exams are done to ‚Äúprove‚Äù #homosexuality and to use as evidence to prosecute LGBT people.

These exams are degrading, cruel and amounts to torture. They have been banned by world bodies including the World Health Organization (WHO) and World Medical Association - WMA. The Sri Lanka Medical Association and Sri Lanka Medical Council are yet to issue any statement condemning these cruel exams. There is no requirement in law to conduct them and the #JusticeMinistry must request all their #JMOs to stop conducting them. The #AttorneyGeneral must also direct all Police to stop arresting and harassing #LGBT people.

In one case the JMO put two of his fingers inside the vaginas of both a #transgenderman and a cis #woman asked them if it hurt. They were also subject to more physical examinations in front of other male nurses and doctors. When they pleaded with the doctor not to insert his fingers inside again, the doctor said that he will light a firecracker next.

It is ironic that the Police want to #prosecute LGBT people for consensual relationships by getting doctors to forcefully probe our anus‚Äô and vaginas with their fingers. It‚Äôs very clear here who has committed the offence, and it‚Äôs not us! Only perverts order and conduct these exams.

Great work by Daily Mirror in exposing these practices and violations. We can only hope for justice for LGBT people and the victims of these examinations.

#Equality #lovewillwin #lovewins

http://www.dailymirror.lk/news-features/JMOs-and-Police-conducting-forced-anal-and-vaginal-examinations-on-LGBT-people/131-198911","At Emerge Lanka Foundation, together with our sister organisation, Emerge Global, we work with young survivors of sexual abuse. We value and encourage the young women in our programmes to heal and emerge on their own terms.

We support and advocate for body autonomy, self-determination, and the ability to be the best version of ourselves. We celebrate those who choose to stand up and honor their deepest truths - who are brave enough to claim their truth even when society challenges or harms them for these truths.

No one should be penalized, harassed, or subjected to the inhumane treatment that many members of the LGBTQI community has recently suffered. To those who have lost your freedom or suffered violence at the hands of others, we see you.

We condemn the violence recently taken against the LGBTQI community in Sri Lanka.

To the LGBTQI community, we stand with you and for you. Today, and every day.","Aritha Wickramasinghe
October 30 at 5:05 AM ¬∑

Judicial Medical Officers and #Police have been exposed conducting forced #anal and #vaginal examinations on #LGBT Sri Lankans. These exams are done to ‚Äúprove‚Äù #homosexuality and to use as evidence to prosecute LGBT people.

These exams are degrading, cruel and amounts to torture. They have been banned by world bodies including the World Health Organization (WHO) and World Medical Association - WMA. The Sri Lanka Medical Association and Sri Lanka Medical Council are yet to issue any statement condemning these cruel exams. There is no requirement in law to conduct them and the #JusticeMinistry must request all their #JMOs to stop conducting them. The #AttorneyGeneral must also direct all Police to stop arresting and harassing #LGBT people.

In one case the JMO put two of his fingers inside the vaginas of both a #transgenderman and a cis #woman asked them if it hurt. They were also subject to more physical examinations in front of other male nurses and doctors. When they pleaded with the doctor not to insert his fingers inside again, the doctor said that he will light a firecracker next.

It is ironic that the Police want to #prosecute LGBT people for consensual relationships by getting doctors to forcefully probe our anus‚Äô and vaginas with their fingers. It‚Äôs very clear here who has committed the offence, and it‚Äôs not us! Only perverts order and conduct these exams.

Great work by Daily Mirror in exposing these practices and violations. We can only hope for justice for LGBT people and the victims of these examinations.

#Equality #lovewillwin #lovewins

http://www.dailymirror.lk/news-features/JMOs-and-Police-conducting-forced-anal-and-vaginal-examinations-on-LGBT-people/131-198911",2020-10-31 12:09:33,,,,,4,1,0,https://facebook.com/story.php?story_fbid=10157248890996046&id=192096306045,,192096306045,[],,
1.0157247024996E+016,Change comes when we step up to our responsibilities. Let‚Äôs be wise to stay home and stay safe.,Change comes when we step up to our responsibilities. Let‚Äôs be wise to stay home and stay safe.,,2020-10-30 12:26:35,https://scontent.fadd1-1.fna.fbcdn.net/v/t1.0-9/fr/cp0/e15/q65/122825641_10157247024701046_4561569555691831832_n.jpg?_nc_cat=110&ccb=2&_nc_sid=110474&_nc_ohc=B7ycG7rP_W4AX9TBKu4&_nc_ht=scontent.fadd1-1.fna&tp=14&oh=ff4b689eb67fcd359487a799da65e19e&oe=5FF6C3D1,,,,7,0,0,https://facebook.com/story.php?story_fbid=10157247024996046&id=192096306045,,192096306045,['https://scontent.fadd1-1.fna.fbcdn.net/v/t1.0-9/fr/cp0/e15/q65/122825641_10157247024701046_4561569555691831832_n.jpg?_nc_cat=110&ccb=2&_nc_sid=110474&_nc_ohc=B7ycG7rP_W4AX9TBKu4&_nc_ht=scontent.fadd1-1.fna&tp=14&oh=ff4b689eb67fcd359487a799da65e19e&oe=5FF6C3D1'],,
1.0157245245576E+016,"Daily progress adding up to big victories.

All our participants enrolled in the beads-to-business program learn the basics of jewelry creation by creating these short necklaces; it‚Äôs the first step to practicing the art of beading to master the skills that goes into creating their own masterpiece.

Since our programs are self paced, we encourage them to take their time learning this well, so that they can create beautiful, high quality pieces of jewelry that act as their own avenue of income.","Daily progress adding up to big victories.

All our participants enrolled in the beads-to-business program learn the basics of jewelry creation by creating these short necklaces; it‚Äôs the first step to practicing the art of beading to master the skills that goes into creating their own masterpiece.

Since our programs are self paced, we encourage them to take their time learning this well, so that they can create beautiful, high quality pieces of jewelry that act as their own avenue of income.",,2020-10-29 13:22:40,https://scontent.fadd1-1.fna.fbcdn.net/v/t1.0-9/fr/cp0/e15/q65/122862266_10157245245291046_1960075357855920211_n.jpg?_nc_cat=111&ccb=2&_nc_sid=110474&_nc_ohc=8Jo3YpQTifsAX9NurNi&_nc_ht=scontent.fadd1-1.fna&tp=14&oh=acb65e60b31305b296e3162a8374d159&oe=5FF7366E,,,,13,0,0,https://facebook.com/story.php?story_fbid=10157245245576046&id=192096306045,,192096306045,['https://scontent.fadd1-1.fna.fbcdn.net/v/t1.0-9/fr/cp0/e15/q65/122862266_10157245245291046_1960075357855920211_n.jpg?_nc_cat=111&ccb=2&_nc_sid=110474&_nc_ohc=8Jo3YpQTifsAX9NurNi&_nc_ht=scontent.fadd1-1.fna&tp=14&oh=acb65e60b31305b296e3162a8374d159&oe=5FF7366E'],,
1.0157234752736E+016,"Do join us on Facebook Live at 6.30pm (24 October) via Simply Unique to get some insight into the work we do through Emerge, and how you too can be a proactive member in creating change while empowering survivors of sexual abuse.

Simply Unique is with Shalini Fernando at Emerge Global.
October 23 at 9:25 AM ¬∑

We will be talking about:

1. The work Emerge does in Sri Lanka regarding survivors of underaged rape

2. The short term and long term Impacts of Institutionalisation

3. The social stigma surrounding underaged rape victims

Tune in to our live chat tomorrow at 6:30pm Colombo, Sri Lanka time.

These lovely ladies will speak for 30mins and take as many of your questions as possible.","Do join us on Facebook Live at 6.30pm (24 October) via Simply Unique to get some insight into the work we do through Emerge, and how you too can be a proactive member in creating change while empowering survivors of sexual abuse.","Simply Unique is with Shalini Fernando at Emerge Global.
October 23 at 9:25 AM ¬∑

We will be talking about:

1. The work Emerge does in Sri Lanka regarding survivors of underaged rape

2. The short term and long term Impacts of Institutionalisation

3. The social stigma surrounding underaged rape victims

Tune in to our live chat tomorrow at 6:30pm Colombo, Sri Lanka time.

These lovely ladies will speak for 30mins and take as many of your questions as possible.",2020-10-23 21:49:45,https://scontent.fadd1-1.fna.fbcdn.net/v/t1.0-9/fr/cp0/e15/q65/122059689_137721108091937_8973101335620855613_o.jpg?_nc_cat=107&ccb=2&_nc_sid=110474&_nc_ohc=qGjorxwzPfMAX8IqPGz&_nc_ht=scontent.fadd1-1.fna&tp=14&oh=5fabe59ab074f6705ebe1b40aebd9f58&oe=5FF7D44D,,,,14,1,2,https://facebook.com/story.php?story_fbid=10157234752736046&id=192096306045,,192096306045,['https://scontent.fadd1-1.fna.fbcdn.net/v/t1.0-9/fr/cp0/e15/q65/122059689_137721108091937_8973101335620855613_o.jpg?_nc_cat=107&ccb=2&_nc_sid=110474&_nc_ohc=qGjorxwzPfMAX8IqPGz&_nc_ht=scontent.fadd1-1.fna&tp=14&oh=5fabe59ab074f6705ebe1b40aebd9f58&oe=5FF7D44D'],,
1.0157213653356E+016,"Please join us from the safety of your home - we will be having some informative conversation and would love to have you there. Next Saturday 24 October '20 at 6.30PM. Watch this space for the live link!

Simply Unique‚ÄéEmerge at The Shed
October 10 at 11:01 AM ¬∑

Due to the prevailing COVID-19 situation in the country and the current Government regulations ""EMERGE AT THE SHED"" will be postponed until further notice.

Stay tuned for what we have planned for you so you can join us from the comfort and safety of your homes.

#SIMPLYONLINE",Please join us from the safety of your home - we will be having some informative conversation and would love to have you there. Next Saturday 24 October '20 at 6.30PM. Watch this space for the live link!,"Simply Unique‚ÄéEmerge at The Shed
October 10 at 11:01 AM ¬∑

Due to the prevailing COVID-19 situation in the country and the current Government regulations ""EMERGE AT THE SHED"" will be postponed until further notice.

Stay tuned for what we have planned for you so you can join us from the comfort and safety of your homes.

#SIMPLYONLINE",2020-10-12 07:40:50,,,,,6,0,0,https://facebook.com/story.php?story_fbid=10157213653356046&id=192096306045,,192096306045,[],,
1.0157212005656E+016,"Everyday as we go on with our work, we are continuously surprised at the resilience our Emerge Girls show. Despite going through so much in life, our girls try their very best to build a tomorrow that‚Äôs different from their yesterday. On this International Day of the Girl Child, we celebrate our courageous girls of whom we are proud beyond any measure.

#DayoftheGirl #GenerationEquality #EmergeStrong","Everyday as we go on with our work, we are continuously surprised at the resilience our Emerge Girls show. Despite going through so much in life, our girls try their very best to build a tomorrow that‚Äôs different from their yesterday. On this International Day of the Girl Child, we celebrate our courageous girls of whom we are proud beyond any measure.

#DayoftheGirl #GenerationEquality #EmergeStrong",,2020-10-11 13:05:11,https://scontent.fadd1-1.fna.fbcdn.net/v/t1.0-9/fr/cp0/e15/q65/121306106_10157212005211046_7928462925750642936_n.jpg?_nc_cat=104&ccb=2&_nc_sid=110474&_nc_ohc=cnOthxw6QjYAX9lUUTL&_nc_ht=scontent.fadd1-1.fna&tp=14&oh=78a2b3398984779d362459f14b5cc771&oe=5FF8BA9B,,,,7,0,0,https://facebook.com/story.php?story_fbid=10157212005656046&id=192096306045,,192096306045,['https://scontent.fadd1-1.fna.fbcdn.net/v/t1.0-9/fr/cp0/e15/q65/121306106_10157212005211046_7928462925750642936_n.jpg?_nc_cat=104&ccb=2&_nc_sid=110474&_nc_ohc=cnOthxw6QjYAX9lUUTL&_nc_ht=scontent.fadd1-1.fna&tp=14&oh=78a2b3398984779d362459f14b5cc771&oe=5FF8BA9B'],,
1.0157203130556E+016,Truly grateful for our generous community for always lending a helping hand.,Truly grateful for our generous community for always lending a helping hand.,,2020-10-07 07:38:20,https://scontent.fadd1-1.fna.fbcdn.net/v/t1.0-9/fr/cp0/e15/q65/120828311_10157203129986046_5871736766414746028_n.jpg?_nc_cat=109&ccb=2&_nc_sid=110474&_nc_ohc=UE89IlJrqvoAX8YxD50&_nc_ht=scontent.fadd1-1.fna&tp=14&oh=02389b2e07812ef59ff3a259a3e28553&oe=5FF7447C,,,,4,0,0,https://facebook.com/story.php?story_fbid=10157203130556046&id=192096306045,,192096306045,['https://scontent.fadd1-1.fna.fbcdn.net/v/t1.0-9/fr/cp0/e15/q65/120828311_10157203129986046_5871736766414746028_n.jpg?_nc_cat=109&ccb=2&_nc_sid=110474&_nc_ohc=UE89IlJrqvoAX8YxD50&_nc_ht=scontent.fadd1-1.fna&tp=14&oh=02389b2e07812ef59ff3a259a3e28553&oe=5FF7447C'],,
1.0157186254991E+016,"In our avenue of work having supportive, kind and self-reflecting Program Officers make all the difference for our girls to be inspired to push further.

Suzanne is one such mentor that we've been lucky to have on our side since March this year. Suzanne joined us with experience in teaching children of all ages for over 23 years. Naturally motivated with the greatest attitude any educator can have, Suzanne is always encouraging those around her with a jolly mood. It didn't take us too long to fall in love with her when she came bearing loads of love. Suzanne's great listening skills, her undying empathy and her love to learn and improve her own skills have proven to be a blessing to our girls especially during this very challenging year. Today and everyday, we celebrate Suzanne and her vibrant and inspiring personality for joining hands with us to strive for a change in our world.","In our avenue of work having supportive, kind and self-reflecting Program Officers make all the difference for our girls to be inspired to push further.

Suzanne is one such mentor that we've been lucky to have on our side since March this year. Suzanne joined us with experience in teaching children of all ages for over 23 years. Naturally motivated with the greatest attitude any educator can have, Suzanne is always encouraging those around her with a jolly mood. It didn't take us too long to fall in love with her when she came bearing loads of love. Suzanne's great listening skills, her undying empathy and her love to learn and improve her own skills have proven to be a blessing to our girls especially during this very challenging year. Today and everyday, we celebrate Suzanne and her vibrant and inspiring personality for joining hands with us to strive for a change in our world.",,2020-09-28 17:20:02,https://scontent.fadd1-1.fna.fbcdn.net/v/t1.0-9/fr/cp0/e15/q65/120193254_10157186252991046_5903647610705423636_n.jpg?_nc_cat=101&ccb=2&_nc_sid=110474&_nc_ohc=bsTz6ArLm9cAX_v3jsY&_nc_ht=scontent.fadd1-1.fna&tp=14&oh=409401fd4a6aff2b4e3ed5d900aad769&oe=5FF58180,,,,16,7,0,https://facebook.com/story.php?story_fbid=10157186254991046&id=192096306045,,192096306045,['https://scontent.fadd1-1.fna.fbcdn.net/v/t1.0-9/fr/cp0/e15/q65/120193254_10157186252991046_5903647610705423636_n.jpg?_nc_cat=101&ccb=2&_nc_sid=110474&_nc_ohc=bsTz6ArLm9cAX_v3jsY&_nc_ht=scontent.fadd1-1.fna&tp=14&oh=409401fd4a6aff2b4e3ed5d900aad769&oe=5FF58180'],,
1.0157176354506E+016,"When a community comes together, beautiful things flourish.

Our heartiest gratitude goes out to The EPFS Community here on Facebook for a generous contribution that will support our courageous girls and our mission.

In a time where the social media space brings in many concerns regarding our children, we are glad and humbled to see good samaritans emerge and collaborate to keep the flame of good faith burning.","When a community comes together, beautiful things flourish.

Our heartiest gratitude goes out to The EPFS Community here on Facebook for a generous contribution that will support our courageous girls and our mission.

In a time where the social media space brings in many concerns regarding our children, we are glad and humbled to see good samaritans emerge and collaborate to keep the flame of good faith burning.",,2020-09-23 09:26:09,,,,,5,0,0,https://facebook.com/story.php?story_fbid=10157176354506046&id=192096306045,,192096306045,[],,
1.0157162934231E+016,"Emerge is a sisterhood of empowerment; lifting each other up in the most difficult of situations to reach our goals and break the glass ceiling.

Reach out to know more about how you can help us help our girls #EmergeStrong","Emerge is a sisterhood of empowerment; lifting each other up in the most difficult of situations to reach our goals and break the glass ceiling.

Reach out to know more about how you can help us help our girls #EmergeStrong",,2020-09-16 12:34:15,https://scontent.fadd1-1.fna.fbcdn.net/v/t1.0-9/fr/cp0/e15/q65/119215586_10157162934086046_2015678898733665232_n.jpg?_nc_cat=102&ccb=2&_nc_sid=110474&_nc_ohc=0jZGHF0dx-kAX-EWj8A&_nc_ht=scontent.fadd1-1.fna&tp=14&oh=af09c10884b0b3913b5e3fe0a9035611&oe=5FF598C4,,,,13,0,0,https://facebook.com/story.php?story_fbid=10157162934231046&id=192096306045,,192096306045,['https://scontent.fadd1-1.fna.fbcdn.net/v/t1.0-9/fr/cp0/e15/q65/119215586_10157162934086046_2015678898733665232_n.jpg?_nc_cat=102&ccb=2&_nc_sid=110474&_nc_ohc=0jZGHF0dx-kAX-EWj8A&_nc_ht=scontent.fadd1-1.fna&tp=14&oh=af09c10884b0b3913b5e3fe0a9035611&oe=5FF598C4'],,
1.0157159142681E+016,"Our girls have hand crafted thousands of pieces of jewelry; bought by thousands of our generous community members. By wearing Emerge jewelry; you proudly represent a story of strength.

Help us show our girls how their jewelry has traveled far and wide - upload / tag or DM a photo of you wearing any Emerge jewelry! We can't wait to show our girls our ambassadors! #RepresentEmerge","Our girls have hand crafted thousands of pieces of jewelry; bought by thousands of our generous community members. By wearing Emerge jewelry; you proudly represent a story of strength.

Help us show our girls how their jewelry has traveled far and wide - upload / tag or DM a photo of you wearing any Emerge jewelry! We can't wait to show our girls our ambassadors! #RepresentEmerge",,2020-09-14 08:13:26,https://scontent.fadd1-1.fna.fbcdn.net/v/t1.0-9/fr/cp0/e15/q65/119485568_10157159142396046_5407185408032578643_n.jpg?_nc_cat=106&ccb=2&_nc_sid=110474&_nc_ohc=vf9k-AFuEvUAX8c7lXT&_nc_ht=scontent.fadd1-1.fna&tp=14&oh=e7b36ecb4841a72d13698c0c7944a808&oe=5FF78A2A,,,,10,0,0,https://facebook.com/story.php?story_fbid=10157159142681046&id=192096306045,,192096306045,['https://scontent.fadd1-1.fna.fbcdn.net/v/t1.0-9/fr/cp0/e15/q65/119485568_10157159142396046_5407185408032578643_n.jpg?_nc_cat=106&ccb=2&_nc_sid=110474&_nc_ohc=vf9k-AFuEvUAX8c7lXT&_nc_ht=scontent.fadd1-1.fna&tp=14&oh=e7b36ecb4841a72d13698c0c7944a808&oe=5FF78A2A'],,
1.0157137060606E+016,"The United Nations Convention is the Rights of the Child (CRC) is an internationally accepted document that defines the rights of all children. The document covers vital information about a child‚Äôs protection, their rights and our responsibilities towards them.","The United Nations Convention is the Rights of the Child (CRC) is an internationally accepted document that defines the rights of all children. The document covers vital information about a child‚Äôs protection, their rights and our responsibilities towards them.",,2020-09-03 08:46:33,https://scontent.fadd1-1.fna.fbcdn.net/v/t1.0-9/fr/cp0/e15/q65/118637488_10157137060546046_902983779818974503_n.jpg?_nc_cat=111&ccb=2&_nc_sid=110474&_nc_ohc=PZuOJznXR1IAX-wE5c2&_nc_ht=scontent.fadd1-1.fna&tp=14&oh=e66dfcd770cba921af198fbb2d26dbea&oe=5FF7BBF4,,,,12,0,0,https://facebook.com/story.php?story_fbid=10157137060606046&id=192096306045,,192096306045,['https://scontent.fadd1-1.fna.fbcdn.net/v/t1.0-9/fr/cp0/e15/q65/118637488_10157137060546046_902983779818974503_n.jpg?_nc_cat=111&ccb=2&_nc_sid=110474&_nc_ohc=PZuOJznXR1IAX-wE5c2&_nc_ht=scontent.fadd1-1.fna&tp=14&oh=e66dfcd770cba921af198fbb2d26dbea&oe=5FF7BBF4'],,
1.0157119493691E+016,"Thank you to Daily Mirror and International Christmas Charity Bazaar Sri Lanka for giving us the opportunity to talk about our work. ICCB has been one of our greatest supporters over the years, standing alongside our cause and our girls.

DAILYMIRROR.LK
International Christmas Charity Bazaar | Episode 03 - Emerge Lanka","Thank you to Daily Mirror and International Christmas Charity Bazaar Sri Lanka for giving us the opportunity to talk about our work. ICCB has been one of our greatest supporters over the years, standing alongside our cause and our girls.","DAILYMIRROR.LK
International Christmas Charity Bazaar | Episode 03 - Emerge Lanka",2020-08-25 14:48:11,,,,,15,0,4,https://facebook.com/story.php?story_fbid=10157119493691046&id=192096306045,http://www.dailymirror.lk/dailymirror_online/International-Christmas-Charity-Bazaar-Episode-03-Emerge-Lanka/379-194415#.X0T3kvsk1cY.facebook,192096306045,[],,
1.0157109125226E+016,"Araliya Thevapalan speaking the words we are all thinking of.

Kudos to the National Child Protection Authority for their prompt action. We await justice to these perpetrators of crimes against children.","Araliya Thevapalan speaking the words we are all thinking of.

Kudos to the National Child Protection Authority for their prompt action. We await justice to these perpetrators of crimes against children.",,2020-08-20 14:11:57,https://scontent.fadd1-1.fna.fbcdn.net/v/t1.0-9/fr/cp0/e15/q65/118222148_10157109124976046_7346695781282327045_n.jpg?_nc_cat=102&ccb=2&_nc_sid=110474&_nc_ohc=OGjlMg5LGM4AX8YhGtd&_nc_oc=AQk8oAJZNJCefhDW_r8eodC812NTcdHPB97cXnxwntIc8UYRwRVHxUWb7PQC99C2Mwg&_nc_ht=scontent.fadd1-1.fna&tp=14&oh=ad4c1c98ddec866582e435df1d9ff1fc&oe=5FF93FB8,,,,9,0,0,https://facebook.com/story.php?story_fbid=10157109125226046&id=192096306045,,192096306045,['https://scontent.fadd1-1.fna.fbcdn.net/v/t1.0-9/fr/cp0/e15/q65/118222148_10157109124976046_7346695781282327045_n.jpg?_nc_cat=102&ccb=2&_nc_sid=110474&_nc_ohc=OGjlMg5LGM4AX8YhGtd&_nc_oc=AQk8oAJZNJCefhDW_r8eodC812NTcdHPB97cXnxwntIc8UYRwRVHxUWb7PQC99C2Mwg&_nc_ht=scontent.fadd1-1.fna&tp=14&oh=ad4c1c98ddec866582e435df1d9ff1fc&oe=5FF93FB8'],,
1.0157100555311E+016,We are all set up at the Aluth Pola happening now at the Body Bar in Jawatte. Come down to shop some beautiful jewellery handmade by our girls at the Emerge programs‚ú®,We are all set up at the Aluth Pola happening now at the Body Bar in Jawatte. Come down to shop some beautiful jewellery handmade by our girls at the Emerge programs‚ú®,,2020-08-16 07:26:35,https://scontent.fadd1-1.fna.fbcdn.net/v/t1.0-9/fr/cp0/e15/q65/117444626_10157100553466046_7849468370187700793_n.jpg?_nc_cat=111&cb=846ca55b-311e05c7&ccb=2&_nc_sid=110474&_nc_ohc=i9o-e5h6WAUAX8fugl8&_nc_ht=scontent.fadd1-1.fna&tp=14&oh=14a7fb7d0a7d53109e7836d1b76e3394&oe=5FF76F38,,,,15,0,0,https://facebook.com/story.php?story_fbid=10157100555311046&id=192096306045,,192096306045,"['https://scontent.fadd1-1.fna.fbcdn.net/v/t1.0-9/fr/cp0/e15/q65/117444626_10157100553466046_7849468370187700793_n.jpg?_nc_cat=111&cb=846ca55b-311e05c7&ccb=2&_nc_sid=110474&_nc_ohc=i9o-e5h6WAUAX8fugl8&_nc_ht=scontent.fadd1-1.fna&tp=14&oh=14a7fb7d0a7d53109e7836d1b76e3394&oe=5FF76F38', 'https://scontent.fadd1-1.fna.fbcdn.net/v/t1.0-9/fr/cp0/e15/q65/117410588_10157100553491046_273642127121620747_n.jpg?_nc_cat=106&ccb=2&_nc_sid=110474&_nc_ohc=E_DqYneTm-oAX8Fddiu&_nc_ht=scontent.fadd1-1.fna&tp=14&oh=3637eb14bc016d707b41100775d95cbb&oe=5FF6F068', 'https://scontent.fadd1-1.fna.fbcdn.net/v/t1.0-9/fr/cp0/e15/q65/117404990_10157100553566046_7655467651070791636_n.jpg?_nc_cat=111&ccb=2&_nc_sid=110474&_nc_ohc=qebj7-Wt2q0AX-siZwD&_nc_ht=scontent.fadd1-1.fna&tp=14&oh=807871e3847722eaab937fa24e6e8c48&oe=5FF5FAD4']",,
1.0157094721706E+016,"Dhammika is one of our Centre Mother's who shoulders the responsibility of caring for the girls under our care. Her gentle, kind and empathetic personality makes her a strong mother figure to our girls who've gone through many challenges in their lives. Passionately dedicated to the Emerge mission, Dhammika always has a story to draw inspiration and strength from. Our girls lovingly call her Amma; for her kindness and always lending an attentive ear to all their concerns.

Dhammika is not only a strength to the Emerge girls, but for all of us, who rest assured whenever she takes on any responsibility.","Dhammika is one of our Centre Mother's who shoulders the responsibility of caring for the girls under our care. Her gentle, kind and empathetic personality makes her a strong mother figure to our girls who've gone through many challenges in their lives. Passionately dedicated to the Emerge mission, Dhammika always has a story to draw inspiration and strength from. Our girls lovingly call her Amma; for her kindness and always lending an attentive ear to all their concerns.

Dhammika is not only a strength to the Emerge girls, but for all of us, who rest assured whenever she takes on any responsibility.",,2020-08-13 12:17:08,https://scontent.fadd1-1.fna.fbcdn.net/v/t1.0-9/fr/cp0/e15/q65/117171087_10157094720121046_6318430090787323896_n.jpg?_nc_cat=103&ccb=2&_nc_sid=110474&_nc_ohc=Jre6_iwxp5sAX9nNZdG&_nc_ht=scontent.fadd1-1.fna&tp=14&oh=f50e834fb698ce4f3a65222ba6804729&oe=5FF5D791,,,,19,0,0,https://facebook.com/story.php?story_fbid=10157094721706046&id=192096306045,,192096306045,['https://scontent.fadd1-1.fna.fbcdn.net/v/t1.0-9/fr/cp0/e15/q65/117171087_10157094720121046_6318430090787323896_n.jpg?_nc_cat=103&ccb=2&_nc_sid=110474&_nc_ohc=Jre6_iwxp5sAX9nNZdG&_nc_ht=scontent.fadd1-1.fna&tp=14&oh=f50e834fb698ce4f3a65222ba6804729&oe=5FF5D791'],,
1.0157092526436E+016,"As we celebrate International Youth Day, we are reminded of the constant and essential change that the youth in our communities are capable of creating. Day in day out, we work with young men and women who are committed to challenge the norm and make our world a better place. We at Emerge celebrate the spirit of the youth and their relentless braveness, today and everyday.","As we celebrate International Youth Day, we are reminded of the constant and essential change that the youth in our communities are capable of creating. Day in day out, we work with young men and women who are committed to challenge the norm and make our world a better place. We at Emerge celebrate the spirit of the youth and their relentless braveness, today and everyday.",,2020-08-12 07:39:01,https://scontent.fadd1-1.fna.fbcdn.net/v/t1.0-9/fr/cp0/e15/q65/117440661_10157092525481046_451966833696467155_n.jpg?_nc_cat=105&ccb=2&_nc_sid=110474&_nc_ohc=n28QZIZWRIEAX_LRbqf&_nc_ht=scontent.fadd1-1.fna&tp=14&oh=13276b436de0af3ccaf40f6398e1ab05&oe=5FF5DBFE,,,,8,0,0,https://facebook.com/story.php?story_fbid=10157092526436046&id=192096306045,,192096306045,['https://scontent.fadd1-1.fna.fbcdn.net/v/t1.0-9/fr/cp0/e15/q65/117440661_10157092525481046_451966833696467155_n.jpg?_nc_cat=105&ccb=2&_nc_sid=110474&_nc_ohc=n28QZIZWRIEAX_LRbqf&_nc_ht=scontent.fadd1-1.fna&tp=14&oh=13276b436de0af3ccaf40f6398e1ab05&oe=5FF5DBFE'],,
1.0157088716931E+016,"We will be there this Sunday from 10.00a.m. to 6.00p.m. so you can purchase handmade jewelry created by our courageous girls - please bring your family and friends and say hello! :)

SUN, AUG 16
The Aluth Pola",We will be there this Sunday from 10.00a.m. to 6.00p.m. so you can purchase handmade jewelry created by our courageous girls - please bring your family and friends and say hello! :),"SUN, AUG 16
The Aluth Pola",2020-08-10 14:47:39,,,,,7,0,0,https://facebook.com/story.php?story_fbid=10157088716931046&id=192096306045,,192096306045,[],,
1.0157084327261E+016,"‚ÄúBead by bead and girl by girl, Emerge has enabled hundreds of girls to develop healthy, self-sufficient lives. Through our programs, girls not only generate capital but also increase their business acumen, leadership, and confidence‚Äù

A big thank you to Pulse for featuring our work on their newest series. Read the full article below!

PULSE.LK
Thriving Despite Difficult Pasts: Emerge Global | Pulse","‚ÄúBead by bead and girl by girl, Emerge has enabled hundreds of girls to develop healthy, self-sufficient lives. Through our programs, girls not only generate capital but also increase their business acumen, leadership, and confidence‚Äù

A big thank you to Pulse for featuring our work on their newest series. Read the full article below!","PULSE.LK
Thriving Despite Difficult Pasts: Emerge Global | Pulse",2020-08-08 15:05:36,,,,,18,0,8,https://facebook.com/story.php?story_fbid=10157084327261046&id=192096306045,http://www.pulse.lk/everythingelse/thriving-despite-difficult-pasts-emerge-global/,192096306045,[],,
1.0157049137446E+016,We invite our community to take a stand against child sexual abuse. Our voice is our biggest power, let‚Äôs use it responsibly to bring change to our children at risk.,We invite our community to take a stand against child sexual abuse. Our voice is our biggest power, let‚Äôs use it responsibly to bring change to our children at risk.,,2020-07-24 10:20:53,https://scontent.fadd1-1.fna.fbcdn.net/v/t1.0-9/fr/cp0/e15/q65/109208784_10157049136906046_5743061783366827754_n.jpg?_nc_cat=105&ccb=2&_nc_sid=110474&_nc_ohc=uzmcg1hrc4gAX_q-RMg&_nc_ht=scontent.fadd1-1.fna&tp=14&oh=c8eed69f184851aba51a57e3a5af1386&oe=5FF7C787,,,,22,0,0,https://facebook.com/story.php?story_fbid=10157049137446046&id=192096306045,,192096306045,['https://scontent.fadd1-1.fna.fbcdn.net/v/t1.0-9/fr/cp0/e15/q65/109208784_10157049136906046_5743061783366827754_n.jpg?_nc_cat=105&ccb=2&_nc_sid=110474&_nc_ohc=uzmcg1hrc4gAX_q-RMg&_nc_ht=scontent.fadd1-1.fna&tp=14&oh=c8eed69f184851aba51a57e3a5af1386&oe=5FF7C787']
1.0157036228986E+016,"Aritha Wickramasinghe
July 18 at 3:31 PM ¬∑

In the last 24 hours, 3 girl children were brutally #raped and #killed in Sri Lanka! Most of the accused are young men below the age of 30.

Child sexual abuse and rape is endemic in #SriLanka with the police, courts and education authorities still doing very little to stem the problem.

The average rape case takes 14 years in Sri Lanka with only 1 rape conviction in 2018.

What kind of men are coming out of our schools? What exactly are our schools teaching them for them to be raping and killing young baby girls?

In 2019, the then Government withdrew an age appropriate #sexeducation book for children because of some made up cultural sensitivity.

In 2018, the members of the present Sri Lankan Government, while in opposition, falsely accused Think Equal of trying to spread #homosexuality to young children.

#ThinkEqual was actually teaching children values such as #respect, #kindness and #compassion. The programme was created out of the need to end violence against women following the brutal gang rape of a medical student in a bus in Delhi.

The failures by our political leaders to address these issues and their active participation to prevent solutions make them responsible for the crimes against these girls.

Where is the justice for our girls and women?",,"Aritha Wickramasinghe
July 18 at 3:31 PM ¬∑

In the last 24 hours, 3 girl children were brutally #raped and #killed in Sri Lanka! Most of the accused are young men below the age of 30.

Child sexual abuse and rape is endemic in #SriLanka with the police, courts and education authorities still doing very little to stem the problem.

The average rape case takes 14 years in Sri Lanka with only 1 rape conviction in 2018.

What kind of men are coming out of our schools? What exactly are our schools teaching them for them to be raping and killing young baby girls?

In 2019, the then Government withdrew an age appropriate #sexeducation book for children because of some made up cultural sensitivity.

In 2018, the members of the present Sri Lankan Government, while in opposition, falsely accused Think Equal of trying to spread #homosexuality to young children.

#ThinkEqual was actually teaching children values such as #respect, #kindness and #compassion. The programme was created out of the need to end violence against women following the brutal gang rape of a medical student in a bus in Delhi.

The failures by our political leaders to address these issues and their active participation to prevent solutions make them responsible for the crimes against these girls.

Where is the justice for our girls and women?",2020-07-18 19:05:01,,,,,0,0,3,https://facebook.com/story.php?story_fbid=10157036228986046&id=192096306045,,192096306045,[],,
1.0157028369796E+016,"Our Senior Program Officer Nirukshi, or as fondly called ‚ÄòNiru Amma‚Äô by our girls, have been with us since our beginning 13 years ago. A uniquely creative individual, she loves anything colorful and quirky. This is why she‚Äôs the ideal person to guide our girls with their Beads to Business creations, helping the girls with creative color matching and being the strength they seek.

One of our favorite things about Nirukshi is how committed she is to our girls. She always makes sure to write small notes of encouragement to show them how loved and appreciated they are in our community. Nirukshi, thank you for all that you do; we are grateful to have you as a part of our team.","Our Senior Program Officer Nirukshi, or as fondly called ‚ÄòNiru Amma‚Äô by our girls, have been with us since our beginning 13 years ago. A uniquely creative individual, she loves anything colorful and quirky. This is why she‚Äôs the ideal person to guide our girls with their Beads to Business creations, helping the girls with creative color matching and being the strength they seek.

One of our favorite things about Nirukshi is how committed she is to our girls. She always makes sure to write small notes of encouragement to show them how loved and appreciated they are in our community. Nirukshi, thank you for all that you do; we are grateful to have you as a part of our team.",,2020-07-15 07:43:53,https://scontent.fadd1-1.fna.fbcdn.net/v/t1.0-9/fr/cp0/e15/q65/107617249_10157028369386046_8107174567445943314_n.jpg?_nc_cat=104&ccb=2&_nc_sid=110474&_nc_ohc=mG7LhP5vOO4AX_Hmfl_&_nc_ht=scontent.fadd1-1.fna&tp=14&oh=743e444eaa2451ee129315437dac0dc2&oe=5FF57C68,,,,34,15,0,https://facebook.com/story.php?story_fbid=10157028369796046&id=192096306045,,192096306045,['https://scontent.fadd1-1.fna.fbcdn.net/v/t1.0-9/fr/cp0/e15/q65/107617249_10157028369386046_8107174567445943314_n.jpg?_nc_cat=104&ccb=2&_nc_sid=110474&_nc_ohc=mG7LhP5vOO4AX_Hmfl_&_nc_ht=scontent.fadd1-1.fna&tp=14&oh=743e444eaa2451ee129315437dac0dc2&oe=5FF57C68'],,
1.0157021215756E+016,"We mourn the passing of our dear friend, champion, and long-term Emerge supporter Lilamani Dias Benson. We are sending our love her family, friends, and all of those who she impacted. üß° Grateful for the mark you have left on us, Lilamani.","We mourn the passing of our dear friend, champion, and long-term Emerge supporter Lilamani Dias Benson. We are sending our love her family, friends, and all of those who she impacted. üß° Grateful for the mark you have left on us, Lilamani.",,2020-07-12 08:56:31,,,,,6,0,0,https://facebook.com/story.php?story_fbid=10157021215756046&id=192096306045,,192096306045,[],,
1.0157014267766E+016,Our Chief Operations Officer Uadaya proudly showing off the amazing art done by our talented girls from a shelter. #EmergeStrong,Our Chief Operations Officer Uadaya proudly showing off the amazing art done by our talented girls from a shelter. #EmergeStrong,,2020-07-09 13:18:02,https://scontent.fadd1-1.fna.fbcdn.net/v/t1.0-9/fr/cp0/e15/q65/106746886_10157014267626046_5624762080207332469_n.jpg?_nc_cat=111&ccb=2&_nc_sid=110474&_nc_ohc=v22D5K92u-cAX8ieY6j&_nc_ht=scontent.fadd1-1.fna&tp=14&oh=6a48d4b718670fbd24441ee754efd281&oe=5FF7E4DF,,,,16,4,0,https://facebook.com/story.php?story_fbid=10157014267766046&id=192096306045,,192096306045,['https://scontent.fadd1-1.fna.fbcdn.net/v/t1.0-9/fr/cp0/e15/q65/106746886_10157014267626046_5624762080207332469_n.jpg?_nc_cat=111&ccb=2&_nc_sid=110474&_nc_ohc=v22D5K92u-cAX8ieY6j&_nc_ht=scontent.fadd1-1.fna&tp=14&oh=6a48d4b718670fbd24441ee754efd281&oe=5FF7E4DF'],,
